组织机构代码,单位名称,行政区划,行业代码,管理机构,商品销售额自年初累计(千元),商品销售额上年同期累计(千元)
50711812,佛山市宏渤进出口有限公司,440604010200（河宕村民委员会）,5165,4.40604E+11,1,1
50716787,佛山市汇千乐器有限公司,440604012039（莺岗社区居委会）,5247,4.40604E+11,2,2
50722749,佛山市诚旺机电设备有限公司,440604011204（上朗村民委员会）,5175,4.40604E+11,3,3
05072922X,佛山市骏昊建材有限公司,440604010200（河宕村民委员会）,5165,4.40604E+11,4,4
52415304,佛山市弘豫钢业有限公司,440604010206（澜石社区居委会）,5164,4.40604E+11,5,5
52437386,佛山市嘉尼亚陶瓷有限公司,440604100201（南庄村民委员会）,5165,4.40604E+11,6,6
52456667,佛山市绅玛科技有限公司,440604012033（铁军社区居委会）,5139,4.40604E+11,7,7
52462610,佛山市金永皓金属有限公司,440604010025（东平社区居委会）,5164,4.40604E+11,8,8
52463728,埃菲贸易（佛山）有限公司,440604100201（南庄村民委员会）,5179,4.40604E+11,9,9
52470493,佛山市昊晟进出口贸易有限公司,440604100002（吉利社区居委会）,5165,4.40604E+11,10,10
52484131,佛山市德诚创玮进出口有限公司,440604010009（季华社区居委会）,5154,4.40604E+11,11,11
52493425,佛山市兴润百货有限公司,440604100210（吉利村民委员会）,5211,4.40604E+11,12,12
52493863,佛山市远大制釉科技有限公司,440604010026（江滨社区居委会）,5169,4.40604E+11,13,13
53743465,佛山市上汇贸易有限公司,440604012062（同济社区居委会）,5164,4.40604E+11,14,14
55330365,佛山市易达易贸易有限公司,440604012025（山紫社区居委会）,5129,4.40604E+11,15,15
55333515,佛山市清泉化工有限公司,440604012002（市东社区居委会）,5169,4.40604E+11,16,16
55340571,佛山市永阳不锈钢有限公司,440604010206（澜石社区居委会）,5164,4.40604E+11,17,17
55369956,佛山市汇禧盟经贸有限公司,440604010200（河宕村民委员会）,5165,4.40604E+11,18,18
56779914,佛山市鼎青达贸易有限公司,440604010206（石头村民委员会）,5164,4.40604E+11,19,19
05681330X,佛山市富域陶瓷有限公司,440604100208（堤田村民委员会）,5165,4.40604E+11,20,20
56830433,佛山市利嘉德经贸有限公司,440604010200（河宕村民委员会）,5165,4.40604E+11,21,21
56835445,佛山市华信能液化石油气有限公司,440604012206（扶西村民委员会）,5162,4.40604E+11,22,22
58533213,佛山市鑫宏源金属材料有限公司,440604010206（澜石社区居委会）,5164,4.40604E+11,23,23
59937404,佛山市金碧辉煌建材有限公司,440604011213（青柯村民委员会）,5165,4.40604E+11,24,24
59960575,佛山市升耀纺织贸易有限公司,440604011200（莲塘村民委员会）,5131,4.40604E+11,25,25
59962183,佛山市汇立晟纺织有限公司,440604011206（大江村民委员会）,5131,4.40604E+11,26,26
59976251,佛山市康顺达贸易有限公司,440604012002（佛平北社区居委会）,5129,4.40604E+11,27,27
59984454,佛山市百仕泰化工有限公司,440604011009（智城社区居委会）,5169,4.40604E+11,28,28
59988367,佛山市鑫益莱陶瓷原料有限公司,440604010009（里水村民委员会）,5169,4.40604E+11,29,29
59994505,佛山市费罗利贸易有限公司,440604012054（同华社区居委会）,5169,4.40604E+11,30,30
61453679,佛山市鹏龙利泰汽车销售服务有限公司,440604100002（吉利社区居委会）,5261,4.40604E+11,31,31
06146145X,佛山市确益贸易有限公司,440604012062（同福社区居委会）,5137,4.40604E+11,32,32
61479705,佛山市百立德进出口有限公司,440604011006（东便社区居委会）,5165,4.40604E+11,33,33
61481389,佛山慧生活鹰卫浴营销服务有限公司,440604010200（番村村民委员会）,5285,4.40604E+11,34,34
61482453,佛山市颐合钢业有限公司,440604010206（石头村民委员会）,5164,4.40604E+11,35,35
61485865,佛山市汇恒雷克萨斯汽车销售服务有限公司,440604100002（吉利社区居委会）,5261,4.40604E+11,36,36
61536589,佛山市盛世蓝供家电有限公司,440604012016（上沙社区居委会）,5138,4.40604E+11,37,37
61549435,佛山市华越纺织有限公司,440604011204（上朗村民委员会）,5131,4.40604E+11,38,38
62106142,佛山市二兄隆纺织有限公司,440604011011（白坭村民委员会）,5131,4.40604E+11,39,39
62124957,佛山市酷玛商贸有限公司,440604100001（南庄社区居委会）,5165,4.40604E+11,40,40
62140850,佛山市宝磊建材贸易有限公司,440604011009（智城社区居委会）,5165,4.40604E+11,41,41
06214929X,佛山市合创恒达金属材料有限公司,440604010013（澜石社区居委会）,5164,4.40604E+11,42,42
62156318,佛山市泰富高科技有限公司,440604012008（高基社区居委会）,5273,4.40604E+11,43,43
62193186,佛山市鼎泰鑫贸易有限公司,440604010012（莲峰社区居委会）,5165,4.40604E+11,44,44
06510912X,佛山市港晋纺织有限公司,440604011207（大江村民委员会）,5131,4.40604E+11,45,45
65156479,佛山市百纳华都不锈钢有限公司,440604010001（澜石社区居委会）,5164,4.40604E+11,46,46
65176904,佛山市昊邦能源有限公司,440604012060（保安社区居委会）,5162,4.40604E+11,47,47
65179398,佛山市宙通通信有限公司,440604010205（深村村民委员会）,5274,4.40604E+11,48,48
65180305,佛山市裕立晟贸易有限公司,440604011207（大江村民委员会）,5132,4.40604E+11,49,49
65194459,佛山市昆柳盛复合材料有限公司,440604010206（石头村民委员会）,5164,4.40604E+11,50,50
66697744,佛山市御丰不锈钢有限公司,440604010206（澜石社区居委会）,5164,4.40604E+11,51,51
66743798,佛山市禅俊冷气有限公司,440604012051（普南社区居委会）,5137,4.40604E+11,52,52
66745363,佛山市奔宇贸易有限公司,440604011206（古灶村民委员会）,5131,4.40604E+11,53,53
06845114X,佛山市凡卡家具有限公司,440604011203（村尾村民委员会）,5283,4.40604E+11,54,54
68455968,佛山市泰美钢业有限公司,440604010206（石头村民委员会）,5164,4.40604E+11,55,55
68517794,佛山市宇邦建材有限公司,440604011209（张槎村民委员会）,5165,4.40604E+11,56,56
07020034X,佛山市中禅投资发展有限公司,440604011009（智城社区居委会）,5265,4.40604E+11,57,57
70250988,佛山市帝欣贸易有限公司,440604011213（澜石社区居委会）,5164,4.40604E+11,58,58
70268555,佛山市美高纺织有限公司,440604011202（村头村民委员会）,5131,4.40604E+11,59,59
71850571,佛山市骐芸纺织有限公司,440604011204（张槎村民委员会）,5131,4.40604E+11,60,60
71855209,佛山市川友自动化科技有限公司,440604011006（东便社区居委会）,5175,4.40604E+11,61,61
71856033,佛山市蜜诗乐贸易有限公司,440604012050（北江社区居委会）,5122,4.40604E+11,62,62
71856711,日丰科技有限公司,440604012040（东园社区居委会）,5169,4.40604E+11,63,63
71901463,佛山市斯和贸易有限公司,440604011204（上朗村民委员会）,5131,4.40604E+11,64,64
71910386,佛山市德诚远景进出口有限公司,440604010025（东平社区居委会）,5132,4.40604E+11,65,65
71910730,佛山市合发利贸易有限公司,440604012033（铁军社区居委会）,5165,4.40604E+11,66,66
71947840,佛山市源亚贸易有限公司,440604011004（清水桥社区居委会）,5179,4.40604E+11,67,67
71948974,佛山市美裕宏业金属材料有限公司,440604010206（澜石社区居委会）,5164,4.40604E+11,68,68
07348785X,佛山市金尚洋不锈钢有限公司,440604010206（番村村民委员会）,5164,4.40604E+11,69,69
73517721,佛山欧唯斯陶瓷有限公司,440604100208（堤田村民委员会）,5165,4.40604E+11,70,70
73539584,佛山诺梵高经贸有限公司,440604100208（堤田村民委员会）,5165,4.40604E+11,71,71
75063938,佛山市龙泽新矿业有限公司,440604012002（文北社区居委会）,5163,4.40604E+11,72,72
75075269,佛山市和盛友业化工有限公司,440604010018（深村村民委员会）,5169,4.40604E+11,73,73
07665369X,佛山市科维进出口有限公司,440604010202（塘头村民委员会）,5165,4.40604E+11,74,74
76673746,佛山市利恒源钢业有限公司,440604010211（石梁村民委员会）,5164,4.40604E+11,75,75
76713517,佛山市华富顿进出口贸易有限公司,440604100201（南庄村民委员会）,5165,4.40604E+11,76,76
76726836,佛山市吉尚钢业有限公司,440604010206（黎冲村民委员会）,5164,4.40604E+11,77,77
77862063,佛山市汇景博进出口有限公司,440604010001（东平社区居委会）,5165,4.40604E+11,78,78
77912593,佛山构成电子商务有限公司,440604010019（忠信社区居委会）,5292,4.40604E+11,79,79
79532666,佛山市茶马古道陶瓷有限公司,440604011009（智城社区居委会）,5165,4.40604E+11,80,80
08107633X,佛山市馥港经贸有限公司,440604011206（古灶村民委员会）,5131,4.40604E+11,81,81
81096672,佛山市耀城纺织有限公司,440604011204（南庄社区居委会）,5131,4.40604E+11,82,82
08122702X,佛山市鸿祺裕能源有限公司,440604011206（古灶村民委员会）,5162,4.40604E+11,83,83
82593398,佛山市鑫裕兴不锈钢有限公司,440604010206（澜石社区居委会）,5164,4.40604E+11,84,84
82616916,佛山市谷宝粮油有限公司,440604010008（绿景社区居委会）,5111,4.40604E+11,85,85
82625900,广东科华恒盛电气智能控制技术有限公司,440604011203（张槎村民委员会）,5175,4.40604E+11,86,86
82636589,佛山市帝海完美佳陶瓷有限公司,440604100002（吉利社区居委会）,5165,4.40604E+11,87,87
82639878,佛山市禅城区中顺兴投资发展有限公司,440604011011（白坭村民委员会）,5265,4.40604E+11,88,88
84461401,佛山市尚景誉源进出口有限公司,440604100208（堤田村民委员会）,5165,4.40604E+11,89,89
84497850,佛山市朵尚家居建材科技有限公司,440604012050（北江社区居委会）,5131,4.40604E+11,90,90
84543378,佛山思玛陶瓷有限公司,440604010006（绿景社区居委会）,5165,4.40604E+11,91,91
84547758,佛山市明冠汽车销售服务有限公司,440604010025（河宕村民委员会）,5261,4.40604E+11,92,92
86768554,佛山市赢伽电子商务有限公司,440604010017（三友社区居委会）,5292,4.40604E+11,93,93
86787683,广东奇化化工交易中心股份有限公司,440604011214（海口村民委员会）,5169,4.40604E+11,94,94
86806194,佛山市联顺盈不锈钢有限公司,440604010206（石头村民委员会）,5164,4.40604E+11,95,95
86822178,佛山市远盛行贸易有限公司,440604012050（北江社区居委会）,5192,4.40604E+11,96,96
08682291X,佛山市鸿棉纺织有限公司,440604011204（下朗村民委员会）,5131,4.40604E+11,97,97
86834486,佛山市誉荣晨曦贸易有限公司,440604010208（湾华村民委员会）,5137,4.40604E+11,98,98
90128007,佛山市佰利玛贸易有限公司,440604100002（吉利社区居委会）,5165,4.40604E+11,99,99
09019037X,佛山市保信利经贸有限公司,440604012050（北江社区居委会）,5165,4.40604E+11,100,100
91762181,佛山市高柏思进出口有限公司,440604010001（澜石社区居委会）,5165,4.40604E+11,101,101
91764427,佛山市v昌贸易有限公司,440604010009（季华社区居委会）,5179,4.40604E+11,102,102
91785746,广东恒合信管业科技有限公司,440604011214（张槎村民委员会）,5164,4.40604E+11,103,103
91787899,佛山瓷源陶瓷有限公司,440604010018（河宕村民委员会）,5165,4.40604E+11,104,104
92383546,佛山市源兴宏贸易有限公司,440604010206（石头村民委员会）,5164,4.40604E+11,105,105
92968923,佛山市鑫衍纺织品有限公司,440604011001（张槎村民委员会）,5131,4.40604E+11,106,106
93334965,佛山市金新金进出口有限公司,440604011009（智城社区居委会）,5165,4.40604E+11,107,107
93339440,广东久嘉精纺品牌管理有限公司,440604010009（季华社区居委会）,5132,4.40604E+11,108,108
94811030,佛山市陶立鑫釉料有限公司,440604100201（南庄村民委员会）,5169,4.40604E+11,109,109
94937485,佛山市钢宇不锈钢有限公司,440604012050（北江社区居委会）,5164,4.40604E+11,110,110
95154503,佛山市纬霆纺织有限公司,440604011204（上朗村民委员会）,5131,4.40604E+11,111,111
96033201,佛山天瑞隆进出口有限公司,440604012064（新城社区居委会）,5132,4.40604E+11,112,112
96282486,佛山市罗曼陶瓷有限公司,440604010022（和平社区居委会）,5165,4.40604E+11,113,113
96561012,佛山市盈邦陶瓷有限公司,440604011009（智城社区居委会）,5165,4.40604E+11,114,114
97352458,佛山市沣纱贸易有限公司,440604011206（古灶村民委员会）,5131,4.40604E+11,115,115
190340179,广东省粤山进出口有限公司,440604012058（体育社区居委会）,5131,4.40604E+11,116,116
190341817,佛山纺织品进出口有限公司,440604012033（铁军社区居委会）,5131,4.40604E+11,117,117
190342924,广东佛山包装进出口有限公司,440604012040（建设社区居委会）,5165,4.40604E+11,118,118
190382694,佛山医药保健品进出口有限公司,440604010010（平远社区居委会）,5131,4.40604E+11,119,119
193520781,佛山市医药商业有限公司,440604012046（佛平北社区居委会）,5152,4.40604E+11,120,120
19352204X,佛山市燃料有限公司,440604010208（江滨社区居委会）,5161,4.40604E+11,121,121
193522955,佛山市天雅进出口有限公司,440604012033（铁军社区居委会）,5165,4.40604E+11,122,122
193523405,佛山市新华图书发行有限公司（佛山市新华书店）,440604012063（唐园社区居委会）,5243,4.40604E+11,123,123
193523608,佛山市第二人民医院药品服务部,440604012039（莺岗社区居委会）,5251,4.40604E+11,124,124
193524846,佛山市鲸鲨化工材料有限公司,440604011211（东鄱村民委员会）,5169,4.40604E+11,125,125
193526497,佛山市新金叶贸易发展有限公司,440604010009（季华社区居委会）,5227,4.40604E+11,126,126
193527262,佛山市塑料供销有限公司,440604012033（保安社区居委会）,5169,4.40604E+11,127,127
193527799,佛山市电力燃料有限公司,440604010009（季华社区居委会）,5161,4.40604E+11,128,128
193534059,佛山市新中卫经贸有限公司,440604010025（东平社区居委会）,5165,4.40604E+11,129,129
19353434X,佛山市食品有限公司,440604012033（铁军社区居委会）,5124,4.40604E+11,130,130
193537305,佛山国贸进出口有限公司,440604010025（东平社区居委会）,5164,4.40604E+11,131,131
193537516,佛山市冠洋实业有限公司,440604012054（同华社区居委会）,5163,4.40604E+11,132,132
193537858,佛山市创志经贸有限公司,440604012027（后街社区居委会）,5131,4.40604E+11,133,133
193539167,佛山市禅城区储备粮油有限公司,440604012031（白燕社区居委会）,5121,4.40604E+11,134,134
193540248,佛山市益通实业有限公司,440604010013（怡景社区居委会）,5162,4.40604E+11,135,135
193540547,佛山市升平百货有限公司,440604012008（高基社区居委会）,5211,4.40604E+11,136,136
193542032,佛山市季华加油站有限公司,440604010005（福华社区居委会）,5265,4.40604E+11,137,137
193542729,佛山市新特医药有限公司,440604012046（佛平北社区居委会）,5152,4.40604E+11,138,138
193543203,佛山市扬升经贸有限公司,440604012033（铁军社区居委会）,5174,4.40604E+11,139,139
193543537,佛山市长盛贸易有限公司,440604012054（同济社区居委会）,5138,4.40604E+11,140,140
193544046,佛山市南方标准件供应有限公司,440604011211（东鄱村民委员会）,5139,4.40604E+11,141,141
193546068,佛山市鸿运贸易有限公司,440604012016（上沙社区居委会）,5111,4.40604E+11,142,142
193547263,广东嘉友电器有限公司,440604012034（敦厚村民委员会）,5138,4.40604E+11,143,143
193547829,佛山市华兴化工原料有限公司,440604010005（福华社区居委会）,5169,4.40604E+11,144,144
193549736,佛山市禅通汽车贸易有限公司,440604010200（河宕村民委员会）,5261,4.40604E+11,145,145
193551019,佛山市瑞虹化工陶瓷有限公司,440604012054（同华社区居委会）,5169,4.40604E+11,146,146
19355464X,佛山市骏景实业有限公司,440604010005（福华社区居委会）,5165,4.40604E+11,147,147
193554754,佛山市道宁化工有限公司,440604010009（季华社区居委会）,5169,4.40604E+11,148,148
193555263,广东省盐业集团佛山有限公司,440604010004（玫瑰社区居委会）,5125,4.40604E+11,149,149
193555853,佛山市凌宇实业有限公司,440604012054（同华社区居委会）,5179,4.40604E+11,150,150
193557461,佛山市日新外贸有限公司,440604012062（同福社区居委会）,5175,4.40604E+11,151,151
19355798X,佛山市平望染料化工有限公司,440604011209（东鄱村民委员会）,5169,4.40604E+11,152,152
193560986,佛山市金机化贸易有限公司,440604011002（江湾社区居委会）,5164,4.40604E+11,153,153
193561006,佛山市安泰经贸有限公司,440604011006（东便社区居委会）,5164,4.40604E+11,154,154
193620459,佛山市德林医药有限公司,440604012023（大观社区居委会）,5152,4.40604E+11,155,155
19362939X,佛山市禅城区雅卓文具劳保商场,440604011209（张槎村民委员会）,5141,4.40604E+11,156,156
193663387,佛山市禅城区业昌纺织原料购销部,440604011204（上朗村民委员会）,5131,4.40604E+11,157,157
231838687,佛山市海昌燃料有限公司,440604100214（梧村村民委员会）,5162,4.40604E+11,158,158
28003292X,广东新中源陶瓷进出口有限公司,440604100205（东村村民委员会）,5165,4.40604E+11,159,159
303800910,佛山市中建成钢业有限公司,440604010206（澜石社区居委会）,5164,4.40604E+11,160,160
303807581,广东壹号陶瓷有限公司,440604100002（吉利村民委员会）,5165,4.40604E+11,161,161
303889863,广东冠棉纺织科技有限公司,440604011207（大江村民委员会）,5131,4.40604E+11,162,162
30389091X,佛山兴浩隆贸易有限公司,440604010211（澜石社区居委会）,5169,4.40604E+11,163,163
303905202,佛山市宏恩进出口有限公司,440604010206（东平社区居委会）,5165,4.40604E+11,164,164
303905624,佛山市琪和进出口有限公司,440604100201（南庄村民委员会）,5165,4.40604E+11,165,165
30390877X,佛山市长晟浩冠贸易有限公司,440604011004（清水桥社区居委会）,5136,4.40604E+11,166,166
303939816,佛山市唯标达建材有限公司,440604100201（南庄村民委员会）,5165,4.40604E+11,167,167
303970207,佛山市创想四通贸易有限公司,440604012006（朝安东社区居委会）,5134,4.40604E+11,168,168
304030487,佛山市澳全贸易有限公司,440604012024（城北社区居委会）,5122,4.40604E+11,169,169
304033952,佛山市恒宇贸易有限公司,440604011002（江湾社区居委会）,5126,4.40604E+11,170,170
304038219,佛山市青农食品有限公司,440604011012（存院围社区居委会）,5224,4.40604E+11,171,171
304059271,佛山市文航办公用品有限公司,440604010200（河宕村民委员会）,5241,4.40604E+11,172,172
304130971,佛山市益陶建材有限公司,440604100002（吉利社区居委会）,5165,4.40604E+11,173,173
304146068,佛山市沣顺园食品有限公司,440604010012（丽银社区居委会）,5121,4.40604E+11,174,174
30414867X,佛山市亚泰通进出口贸易有限公司,440604010200（莲峰社区居委会）,5165,4.40604E+11,175,175
304155423,佛山市嘉海粮油有限公司,440604010001（澜石社区居委会）,5121,4.40604E+11,176,176
304194895,佛山市铭鹏键业贸易有限公司,440604012204（佛平北社区居委会）,5162,4.40604E+11,177,177
30420466X,佛山市新倍道信息技术有限公司,440604012013（高基社区居委会）,5273,4.40604E+11,178,178
304223692,佛山市全和贸易有限公司,440604012062（同济社区居委会）,5164,4.40604E+11,179,179
304224900,广东石湾酒厂集团营销有限公司,440604010020（和平社区居委会）,5127,4.40604E+11,180,180
30422859X,佛山市东盛行汽车销售服务有限公司,440604100212（醒群村民委员会）,5261,4.40604E+11,181,181
304235490,佛山市信恒丰泰进出口有限公司,440604010005（福华社区居委会）,5131,4.40604E+11,182,182
304254034,佛山市颐安帆电子有限公司,440604012008（高基社区居委会）,5273,4.40604E+11,183,183
304274852,佛山市禅城区闽海江湾加油站有限公司,440604011003（马岗社区居委会）,5265,4.40604E+11,184,184
314833195,佛山市领潮建材贸易有限公司,440604010200（河宕村民委员会）,5165,4.40604E+11,185,185
314843051,佛山市瑞盈贸易有限公司,440604011004（弼唐村民委员会）,5161,4.40604E+11,186,186
314845831,佛山市广和通贸易有限公司,440604010206（澜石社区居委会）,5164,4.40604E+11,187,187
314849197,佛山市英德意汽车销售有限公司,440604011206（弼唐村民委员会）,5172,4.40604E+11,188,188
314852847,佛山市恒致美陶瓷有限公司,440604100201（南庄村民委员会）,5165,4.40604E+11,189,189
314866149,广东至富集团有限公司,440604012054（同济社区居委会）,5121,4.40604E+11,190,190
314872602,佛山市美丰灯饰电器有限公司,440604010201（澜石社区居委会）,5136,4.40604E+11,191,191
314890632,佛山市湘银箭焊材有限公司,440604012006（城北社区居委会）,5174,4.40604E+11,192,192
314915158,广东港兴源消防器材有限公司,440604012006（城北社区居委会）,5179,4.40604E+11,193,193
314960450,佛山市格高斯建材有限公司,440604010200（河宕村民委员会）,5165,4.40604E+11,194,194
314967927,佛山市铜林贸易有限公司,440604012064（新城社区居委会）,5164,4.40604E+11,195,195
314976719,佛山市沃丰进出口有限公司,440604012050（北江社区居委会）,5164,4.40604E+11,196,196
314985500,佛山市汇得成纺织有限公司,440604011204（张槎村民委员会）,5131,4.40604E+11,197,197
315001796,佛山市沛纶纺织有限公司,440604011012（大富村民委员会）,5131,4.40604E+11,198,198
315036673,佛山市智博办公设备有限公司,440604012008（高基社区居委会）,5273,4.40604E+11,199,199
315040779,佛山市睿投贸易有限公司,440604012049（灯湖社区居委会）,5129,4.40604E+11,200,200
315069475,佛山市灏天建材有限公司,440604100201（南庄村民委员会）,5165,4.40604E+11,201,201
315083488,佛山市业丰赛尔陶瓷科技有限公司,440604011200（莲塘村民委员会）,5135,4.40604E+11,202,202
315084843,佛山市沥富鑫金属有限公司,440604010208（湾华村民委员会）,5164,4.40604E+11,203,203
315107355,佛山市通墒贸易有限公司,440604010025（东平社区居委会）,5164,4.40604E+11,204,204
315166902,佛山市禅鑫纸业有限公司,440604010009（金子苑社区居委会）,5141,4.40604E+11,205,205
315170514,佛山市缇诺卫浴有限公司,440604100201（南庄村民委员会）,5135,4.40604E+11,206,206
315189856,佛山市杰致达贸易有限公司,440604012059（卫国社区居委会）,5179,4.40604E+11,207,207
315191382,佛山迪信通商贸有限公司,440604012013（培德社区居委会）,5274,4.40604E+11,208,208
315194225,佛山国茂减速机销售有限公司,440604011204（上朗村民委员会）,5175,4.40604E+11,209,209
315199034,佛山禾盛隆食品有限公司,440604010024（文华社区居委会）,5121,4.40604E+11,210,210
315214150,佛山市世纪曙光科技有限公司,440604012008（高基社区居委会）,5176,4.40604E+11,211,211
315239040,佛山市银星鹏金属材料有限公司,440604012055（同济社区居委会）,5164,4.40604E+11,212,212
315240527,广东东鹏家居有限公司,440604100208（堤田村民委员会）,5135,4.40604E+11,213,213
315296678,佛山市丽柏盈贸易有限公司,440604010004（玫瑰社区居委会）,5164,4.40604E+11,214,214
323224201,佛山市华明达贸易有限公司,440604012050（北江社区居委会）,5179,4.40604E+11,215,215
323255710,佛山云牌进出口有限公司,440604100002（吉利社区居委会）,5165,4.40604E+11,216,216
323266049,佛山新展金属材料有限公司,440604010206（石头村民委员会）,5164,4.40604E+11,217,217
323306805,佛山市凯智进出口有限公司,440604012060（保安社区居委会）,5165,4.40604E+11,218,218
324786206,佛山市善创进出口贸易有限公司,440604012033（铁军社区居委会）,5165,4.40604E+11,219,219
324855048,佛山市嘉美百利家居用品有限公司,440604010200（番村村民委员会）,5139,4.40604E+11,220,220
324878223,佛山市启俊经贸有限公司,440604012047（南浦社区居委会）,5165,4.40604E+11,221,221
324896907,佛山市和财金属材料有限公司,440604010206（石头村民委员会）,5164,4.40604E+11,222,222
324910465,广东富强陶瓷有限公司,440604100002（吉利社区居委会）,5165,4.40604E+11,223,223
324927064,佛山市派浩陶瓷有限公司,440604100208（堤田村民委员会）,5165,4.40604E+11,224,224
324928366,佛山市班尼陶进出口有限公司,440604010200（河宕村民委员会）,5165,4.40604E+11,225,225
324929705,佛山市朝炎科技有限公司,440604100204（湖涌村民委员会）,5176,4.40604E+11,226,226
324940023,佛山市湘盈不锈钢有限公司,440604010025（澜石社区居委会）,5164,4.40604E+11,227,227
324956586,佛山市鼎骏佳商贸有限公司,440604010206（石梁村民委员会）,5164,4.40604E+11,228,228
32499702X,佛山市兴发商贸有限公司,440607103225（源潭村民委员会）,5164,4.40604E+11,229,229
325002047,佛山市德心纺织品有限公司,440604011205（下朗村民委员会）,5131,4.40604E+11,230,230
325041556,佛山市金广利建材有限公司,440604010001（澜石社区居委会）,5165,4.40604E+11,231,231
325051746,佛山市可纳可贸易有限公司,440604010200（河宕村民委员会）,5161,4.40604E+11,232,232
325060765,佛山市普里克斯建材有限公司,440604100201（南庄村民委员会）,5165,4.40604E+11,233,233
325073873,佛山市禅城区精陶陶瓷化工经营部,440604100208（堤田村民委员会）,5169,4.40604E+11,234,234
325169090,佛山市祥仁绣纺织有限公司,440604011204（上朗村民委员会）,5131,4.40604E+11,235,235
325170307,佛山市喜韦丰贸易有限公司,440604010206（石头村民委员会）,5164,4.40604E+11,236,236
325195723,佛山市众兴建材有限公司,440604012002（佛平北社区居委会）,5165,4.40604E+11,237,237
325215878,佛山市雄力建材贸易有限公司,440604010202（塘头村民委员会）,5165,4.40604E+11,238,238
334742338,佛山市盛腾贸易有限公司,440604100201（南庄村民委员会）,5165,4.40604E+11,239,239
334789195,佛山市泓诠盛机电设备有限公司,440604011203（村尾村民委员会）,5175,4.40604E+11,240,240
334839834,佛山市吉凯纺织品有限公司,440604011204（上朗村民委员会）,5131,4.40604E+11,241,241
334882656,佛山市新常态纺织有限公司,440604011206（古灶村民委员会）,5131,4.40604E+11,242,242
334901319,佛山市容正世安建材科技有限公司,440604100208（堤田村民委员会）,5165,4.40604E+11,243,243
334916713,佛山泰嘉进出口有限公司,440604100201（罗格村民委员会）,5165,4.40604E+11,244,244
337939355,佛山市鑫尊亮不锈钢有限公司,440604010206（石头村民委员会）,5164,4.40604E+11,245,245
338001270,佛山市塞米雅贸易有限公司,440604100201（罗格村民委员会）,5165,4.40604E+11,246,246
338002644,佛山市星易德贸易有限公司,440604100001（南庄社区居委会）,5165,4.40604E+11,247,247
338011911,广东泰莱电子有限公司,440604011002（江湾社区居委会）,5179,4.40604E+11,248,248
338032819,佛山市白兔陶瓷有限公司,440604100201（南庄村民委员会）,5165,4.40604E+11,249,249
338056992,佛山市伟华文体用品有限公司,440604012018（文南社区居委会）,5243,4.40604E+11,250,250
338161143,佛山市宏裕隆贸易有限责任公司,440604010005（湖景社区居委会）,5149,4.40604E+11,251,251
338167537,广东恒洁卫浴销售有限公司,440604011009（张槎村民委员会）,5135,4.40604E+11,252,252
338178690,佛山众焰不锈钢有限公司,440604010206（石头村民委员会）,5164,4.40604E+11,253,253
33823519X,佛山市禅城区乘风棉纱经营部,440604011211（东鄱村民委员会）,5131,4.40604E+11,254,254
33833231X,广东钻力金属粉末有限公司,440604010012（丽银社区居委会）,5169,4.40604E+11,255,255
338345225,佛山市吉兴达不锈钢有限公司,440604010206（石头村民委员会）,5164,4.40604E+11,256,256
345282023,佛山市万洲宏钢业有限公司,440604010206（石头村民委员会）,5164,4.40604E+11,257,257
345286657,佛山市华阳纺织品有限公司,440604011205（下朗村民委员会）,5131,4.40604E+11,258,258
345356117,佛山市粤和富汽车销售服务有限公司,440604010200（河宕村民委员会）,5261,4.40604E+11,259,259
345356336,佛山市裕金本汽车销售服务有限公司,440604010200（河宕村民委员会）,5261,4.40604E+11,260,260
345389795,佛山凯力威贸易有限公司,440604011009（智城社区居委会）,5161,4.40604E+11,261,261
345433418,佛山市德宇盛进出口贸易有限公司,440604012051（朝安东社区居委会）,5165,4.40604E+11,262,262
345452619,广东蓝诺金属科技有限公司,440604010206（黎冲村民委员会）,5164,4.40604E+11,263,263
345456919,国药集团佛山冯了性国医馆有限公司,440604012203（普东社区居委会）,5252,4.40604E+11,264,264
345463131,佛山市正源丰信息技术有限公司,440604012008（高基社区居委会）,5273,4.40604E+11,265,265
345485074,佛山市粤明杰五金电器有限公司,440604012006（城北社区居委会）,5136,4.40604E+11,266,266
345489374,佛山市龙盛海经贸有限公司,440604012064（新城社区居委会）,5181,4.40604E+11,267,267
34551666X,佛山市雪佳纺针织有限公司,440604011204（张槎村民委员会）,5131,4.40604E+11,268,268
345547001,佛山市金鸿陶瓷有限公司,440604100201（吉利村民委员会）,5165,4.40604E+11,269,269
351236285,佛山市南方骏沃汽车销售服务有限公司,440604100210（吉利村民委员会）,5261,4.40604E+11,270,270
351236816,佛山市亿得源贸易有限公司,440604100201（南庄村民委员会）,5165,4.40604E+11,271,271
351949947,佛山市万裕隆不锈钢有限公司,440604010206（石头村民委员会）,5164,4.40604E+11,272,272
351958886,佛山市汇通万恒建材有限公司,440604100210（吉利村民委员会）,5165,4.40604E+11,273,273
351983109,广东晟宝不锈钢有限公司,440604010206（石头村民委员会）,5164,4.40604E+11,274,274
398085525,佛山市同焯有色金属有限公司,440604012025（山紫社区居委会）,5164,4.40604E+11,275,275
398091079,佛山市以勒典盛纺织有限公司,440604011204（下朗村民委员会）,5131,4.40604E+11,276,276
398092848,佛山市金海永利酒业有限公司,440604012006（城北社区居委会）,5127,4.40604E+11,277,277
398095803,佛山市晟邦美纺织有限公司,440604011204（上朗村民委员会）,5131,4.40604E+11,278,278
398117857,广东奥驰燃气设备销售服务有限公司,440604010200（河宕村民委员会）,5179,4.40604E+11,279,279
398158552,佛山市恩典进出口贸易有限公司,440604011009（智城社区居委会）,5165,4.40604E+11,280,280
398171693,佛山市莎莉钟服装贸易有限公司,440604012009（文北社区居委会）,5133,4.40604E+11,281,281
399259275,人民通惠国际控股有限公司,440604011214（海口村民委员会）,5292,4.40604E+11,282,282
551652494,佛山市晋利钢业有限公司,440604010206（石头村民委员会）,5164,4.40604E+11,283,283
551652865,佛山市普拓旺经贸有限公司,440604010025（东平社区居委会）,5165,4.40604E+11,284,284
551653710,佛山晟尼威进出口有限公司,440604010005（福华社区居委会）,5165,4.40604E+11,285,285
551667231,佛山市Z润燃料有限公司,440604010010（泷景社区居委会）,5162,4.40604E+11,286,286
551682474,佛山市冠远天一贸易有限公司,440604011004（清水桥社区居委会）,5174,4.40604E+11,287,287
551697924,佛山市密西比贸易有限公司,440604100208（堤田村民委员会）,5165,4.40604E+11,288,288
551701882,佛山市创盟兴金属有限公司,440604010206（石头村民委员会）,5164,4.40604E+11,289,289
551719580,佛山市金福麟汽车销售服务有限公司,440604010200（河宕村民委员会）,5261,4.40604E+11,290,290
551737842,佛山市鑫润行不锈钢有限公司,440604010206（东平社区居委会）,5164,4.40604E+11,291,291
553603688,广东海特高新材料有限公司,440604011214（海口村民委员会）,5165,4.40604E+11,292,292
553612146,佛山市红珠建材有限公司,440604100210（吉利村民委员会）,5165,4.40604E+11,293,293
553612832,佛山市博海粮油贸易有限公司,440604010208（湖景社区居委会）,5111,4.40604E+11,294,294
553622184,佛山市云海瓷业有限公司,440604100201（南庄村民委员会）,5165,4.40604E+11,295,295
553642759,佛山市多尔曼贸易有限公司,440604012060（保安社区居委会）,5169,4.40604E+11,296,296
553647699,佛山市汇轩进出口有限公司,440604010008（深村村民委员会）,5141,4.40604E+11,297,297
55364800X,佛山市广至信不锈钢有限公司,440604010206（澜石社区居委会）,5164,4.40604E+11,298,298
553661378,佛山市帕玛茜陶瓷有限公司,440604100002（吉利社区居委会）,5165,4.40604E+11,299,299
553682558,佛山市泰镱不锈钢有限公司,440604010001（澜石社区居委会）,5164,4.40604E+11,300,300
553691606,佛山天南兴瑞商贸有限公司,440604011212（清水桥社区居委会）,5169,4.40604E+11,301,301
555562939,佛山市布斯纺织服装有限公司,440604011001（纯阳社区居委会）,5131,4.40604E+11,302,302
555594316,佛山市烨德企业有限公司,440604012050（北江社区居委会）,5181,4.40604E+11,303,303
555599547,佛山市裕龙能源发展有限公司,440604100001（南庄社区居委会）,5161,4.40604E+11,304,304
555607412,佛山市安迪鑫汽车贸易有限公司,440604010200（河宕村民委员会）,5261,4.40604E+11,305,305
555615906,佛山市和筑建材贸易有限公司,440604010202（塘头村民委员会）,5169,4.40604E+11,306,306
555647748,佛山市金航钢业有限公司,440604010005（石头村民委员会）,5164,4.40604E+11,307,307
557258770,佛山市嘉欣华陶瓷有限公司,440604100207（溶洲村民委员会）,5163,4.40604E+11,308,308
557265989,佛山市安和泰机械设备有限公司,440604011001（张槎村民委员会）,5165,4.40604E+11,309,309
55726736X,佛山市高威中正电气技术有限公司,440604010201（江湾社区居委会）,5179,4.40604E+11,310,310
55727069X,佛山市田生照明电器有限公司,440604012006（城北社区居委会）,5136,4.40604E+11,311,311
557275116,佛山东宇贸易有限公司,440604010008（深村村民委员会）,5172,4.40604E+11,312,312
557278990,佛山市信浩隆钢业有限公司,440604010206（石头村民委员会）,5164,4.40604E+11,313,313
557329479,佛山市逸文五金电器有限公司,440604010024（绿景社区居委会）,5135,4.40604E+11,314,314
557330103,佛山市科明化工有限公司,440604010211（黎冲村民委员会）,5169,4.40604E+11,315,315
559101080,佛山品上光谷照明有限公司,440604010201（番村村民委员会）,5282,4.40604E+11,316,316
559104150,佛山市集大钢铁有限公司,440604010206（石头村民委员会）,5164,4.40604E+11,317,317
559132469,佛山市子丰化工有限公司,440604012025（山紫社区居委会）,5169,4.40604E+11,318,318
559134296,佛山市泰华顺不锈钢有限公司,440604010206（石头村民委员会）,5164,4.40604E+11,319,319
559136654,佛山市立展进出口有限公司,440604010008（金澜社区居委会）,5131,4.40604E+11,320,320
559174036,佛山市子域进出口有限公司,440604010005（福华社区居委会）,5165,4.40604E+11,321,321
559197633,佛山市赞康贸易有限公司,440604012054（同华社区居委会）,5169,4.40604E+11,322,322
560808331,佛山市恒海贸易有限公司,440604012023（城北社区居委会）,5169,4.40604E+11,323,323
560814360,佛山市展豪纺织有限公司,440604011210（大沙村民委员会）,5131,4.40604E+11,324,324
56082207X,佛山市湄桥纺织有限公司,440604011214（海口村民委员会）,5131,4.40604E+11,325,325
560825828,佛山市索卡尔科技有限公司,440604010012（丽银社区居委会）,5164,4.40604E+11,326,326
56085037X,佛山市斯维特进出口有限公司,440604010005（福华社区居委会）,5174,4.40604E+11,327,327
560859884,佛山市源振发贸易有限公司,440604010206（澜石社区居委会）,5164,4.40604E+11,328,328
560868158,佛山市广德益不锈钢有限公司,440604010206（石头村民委员会）,5164,4.40604E+11,329,329
560877740,佛山市祺闰进出口贸易有限公司,440604012031（白燕社区居委会）,5139,4.40604E+11,330,330
560887172,佛山市金源利进出口有限公司,440604011004（清水桥社区居委会）,5165,4.40604E+11,331,331
562566209,佛山市拓远进出口有限公司,440604012062（同福社区居委会）,5189,4.40604E+11,332,332
562577469,佛山市卓远汽车服务有限公司,440604010200（河宕村民委员会）,5261,4.40604E+11,333,333
562579755,佛山市灏峻进出口贸易有限公司,440604012033（后街社区居委会）,5169,4.40604E+11,334,334
562590735,佛山市庆丰豹虎汽车销售服务有限公司,440604010201（番村村民委员会）,5261,4.40604E+11,335,335
562592351,佛山青鸟环宇消防设备有限公司,440604010208（湾华村民委员会）,5179,4.40604E+11,336,336
562595288,佛山鹰牌陶瓷贸易有限公司,440604010017（三友社区居委会）,5165,4.40604E+11,337,337
562613386,佛山市圣睿达商贸有限公司,440604011001（纯阳社区居委会）,5164,4.40604E+11,338,338
562638372,广东蓝海星纸业有限公司,440604012008（高基社区居委会）,5141,4.40604E+11,339,339
562642646,佛山市亿隆达机电有限公司,440604011211（东鄱村民委员会）,5174,4.40604E+11,340,340
56454365X,佛山市华聪电器有限公司,440605011007（桂雅社区居委会）,5272,4.40604E+11,341,341
564568355,佛山市超科机电有限公司,440604011203（张槎村民委员会）,5179,4.40604E+11,342,342
566602529,佛山市思力家居用品有限公司,440604010026（智城社区居委会）,5139,4.40604E+11,343,343
566623936,佛山市邦丰不锈钢有限公司,440604010206（石头村民委员会）,5164,4.40604E+11,344,344
566630079,佛山市锐进兴盛钢业有限公司,440604010206（石头村民委员会）,5164,4.40604E+11,345,345
566665394,佛山市友铜贸易有限公司,440604012002（佛平北社区居委会）,5164,4.40604E+11,346,346
566667875,广东盟辉纺织实业有限公司,440604100202（紫南村民委员会）,5131,4.40604E+11,347,347
566668691,佛山市凯惟斯建材有限公司,440604012050（北江社区居委会）,5165,4.40604E+11,348,348
566686814,佛山市美棉纺织有限公司,440604011204（纯阳社区居委会）,5131,4.40604E+11,349,349
568215821,广东新风景陶瓷有限公司,440604011009（智城社区居委会）,5165,4.40604E+11,350,350
568229748,佛山市恒华信金属材料有限公司,440604010206（石头村民委员会）,5164,4.40604E+11,351,351
568248017,佛山市浙粤不锈钢有限公司,440604010206（石头村民委员会）,5164,4.40604E+11,352,352
568277117,佛山市宏乐建材有限公司,440604100201（南庄村民委员会）,5165,4.40604E+11,353,353
57011662X,广东誉贸科技发展有限公司,440604012013（培德社区居委会）,5176,4.40604E+11,354,354
570131918,佛山市同升金属有限公司,440604010206（江滨社区居委会）,5164,4.40604E+11,355,355
570143695,佛山市都盛陶瓷有限公司,440604010200（河宕村民委员会）,5165,4.40604E+11,356,356
570148998,佛山市兴美兴陶瓷有限公司,440604011004（清水桥社区居委会）,5165,4.40604E+11,357,357
570152911,佛山市谷然丰不锈钢有限公司,440604010206（石头村民委员会）,5164,4.40604E+11,358,358
570158408,佛山市湘融金属材料有限公司,440604011206（古灶村民委员会）,5164,4.40604E+11,359,359
570161121,佛山市鋈俳ú挠邢薰司,440604100202（紫南村民委员会）,5165,4.40604E+11,360,360
570165317,佛山市恒精成制釉材料有限公司,440604010201（莲峰社区居委会）,5169,4.40604E+11,361,361
570167291,佛山市天煜瓷业有限公司,440604011009（智城社区居委会）,5165,4.40604E+11,362,362
570170634,佛山市远雄金属有限公司,440604010206（石头村民委员会）,5164,4.40604E+11,363,363
570187356,佛山市恒宝丰进出口有限公司,440604012027（后街社区居委会）,5165,4.40604E+11,364,364
572393612,佛山市卓志贸易有限公司,440604010007（金子苑社区居委会）,5164,4.40604E+11,365,365
572394500,佛山市金会丰金属材料贸易有限公司,440604010206（澜石社区居委会）,5164,4.40604E+11,366,366
57240393X,佛山市鹏威汽车销售服务有限公司,440604010200（河宕村民委员会）,5261,4.40604E+11,367,367
572414639,佛山市乾德汽车销售服务有限公司,440604100201（南庄村民委员会）,5261,4.40604E+11,368,368
572426111,佛山市世昌丰钢业有限公司,440604010206（石头村民委员会）,5164,4.40604E+11,369,369
572429339,佛山市致力行贸易有限公司,440604010007（金子苑社区居委会）,5169,4.40604E+11,370,370
572439609,佛山色非鞋业有限公司,440604011004（清水桥社区居委会）,5133,4.40604E+11,371,371
572442680,佛山市雄骏新材料有限公司,440604012064（新城社区居委会）,5165,4.40604E+11,372,372
572443720,佛山市信磊宏达能源有限公司,440604011009（智城社区居委会）,5169,4.40604E+11,373,373
57445276X,佛山市乐呵呵建材有限公司,440604010202（塘头村民委员会）,5165,4.40604E+11,374,374
574475224,佛山市维琪亚贸易有限公司,440604010200（莲峰社区居委会）,5165,4.40604E+11,375,375
574506182,佛山市宏来不锈钢有限公司,440604010206（石头村民委员会）,5164,4.40604E+11,376,376
57451369X,佛山盛世皇磁新材料有限公司,440604100201（南庄村民委员会）,5165,4.40604E+11,377,377
576415364,佛山市第二人民医院服务中心,440604012039（莺岗社区居委会）,5236,4.40604E+11,378,378
576426389,佛山市亿阳纺织有限公司,440604011204（上朗村民委员会）,5131,4.40604E+11,379,379
576465046,佛山市艾玛迅陶瓷有限公司,440604100208（堤田村民委员会）,5165,4.40604E+11,380,380
576466794,佛山市泰臣贸易有限公司,440604012006（城北社区居委会）,5174,4.40604E+11,381,381
576494496,佛山市千和堂医药连锁有限公司,440604012204（东升村民委员会）,5251,4.40604E+11,382,382
577857025,佛山市海纳图陶瓷有限公司,440604010200（河宕村民委员会）,5165,4.40604E+11,383,383
577865674,佛山市顺亨利进出口有限公司,440604010206（澜石社区居委会）,5164,4.40604E+11,384,384
577875274,佛山盛世欣兴格力贸易有限公司,440604011009（智城社区居委会）,5138,4.40604E+11,385,385
577893990,佛山市博诚纺织有限公司,440604011204（纯阳社区居委会）,5131,4.40604E+11,386,386
577909366,佛山市西利诺新型材料有限公司,440604100201（南庄村民委员会）,5169,4.40604E+11,387,387
577920768,佛山市捷友钢业有限公司,440604010206（石头村民委员会）,5164,4.40604E+11,388,388
577923854,佛山市泰辰汽车销售服务有限公司,440604010200（河宕村民委员会）,5261,4.40604E+11,389,389
579650087,佛山市昊德经贸有限公司,440604011213（青柯村民委员会）,5165,4.40604E+11,390,390
579652517,佛山市禅美顺燃气设备有限公司,440604012060（保安社区居委会）,5272,4.40604E+11,391,391
57966485X,佛山市岱能金属有限公司,440604010206（澜石社区居委会）,5164,4.40604E+11,392,392
579665799,广东创美药业有限公司,440604012016（城北社区居委会）,5152,4.40604E+11,393,393
579673254,佛山市维雅特精工建材有限公司,440604100201（南庄村民委员会）,5165,4.40604E+11,394,394
579714204,佛山市迅锐汽车销售服务有限公司,440604100210（吉利村民委员会）,5261,4.40604E+11,395,395
579732146,佛山金津生进出口有限公司,440604012002（佛平北社区居委会）,5174,4.40604E+11,396,396
579740007,佛山市众一建材有限公司,440604100210（吉利村民委员会）,5165,4.40604E+11,397,397
579740576,佛山市颐购贸易有限公司,440604011214（海口村民委员会）,5165,4.40604E+11,398,398
581353313,佛山市瑞现兴纺织有限公司,440604011203（村尾村民委员会）,5131,4.40604E+11,399,399
581354965,佛山市利都纺织有限公司,440604011204（张槎村民委员会）,5131,4.40604E+11,400,400
581361903,佛山市百亿康贸易有限公司,440604011214（古灶村民委员会）,5154,4.40604E+11,401,401
581365891,广东吉瑞科技集团有限公司,440604010011（环湖社区居委会）,5164,4.40604E+11,402,402
581382341,佛山市巴勃罗服装有限公司,440604011209（张槎村民委员会）,5132,4.40604E+11,403,403
581401768,佛山市吉淅祥新能源有限公司,440604012033（保安社区居委会）,5179,4.40604E+11,404,404
58140474X,佛山市叁谭加油站有限公司,440604100212（醒群村民委员会）,5265,4.40604E+11,405,405
58140896X,佛山宝誉钢业有限公司,440604010206（石头村民委员会）,5164,4.40604E+11,406,406
581411296,佛山市逸诚进出口有限公司,440604100002（吉利社区居委会）,5165,4.40604E+11,407,407
581418033,佛山市雅斯泰化工有限公司,440604010025（玫瑰社区居委会）,5169,4.40604E+11,408,408
581442674,佛山市恳诚进出口有限公司,440604100201（罗格村民委员会）,5165,4.40604E+11,409,409
581446309,佛山市迅达尔建材有限公司,440604100201（南庄村民委员会）,5165,4.40604E+11,410,410
582915015,佛山市广长陶瓷釉料有限公司,440604100201（南庄村民委员会）,5169,4.40604E+11,411,411
582921845,佛山市天晨商业有限公司,440604012043（燎东社区居委会）,5165,4.40604E+11,412,412
582921992,佛山市诚宇商业有限公司,440604012043（燎东社区居委会）,5165,4.40604E+11,413,413
582929388,广东顺康实业投资有限公司,440604012054（同华社区居委会）,5125,4.40604E+11,414,414
582944107,佛山市宝峰至上不锈钢有限公司,440604010206（澜石社区居委会）,5164,4.40604E+11,415,415
582949418,佛山市添材贸易有限公司,440604012050（朝安东社区居委会）,5165,4.40604E+11,416,416
582979940,佛山市鼎德建材有限公司,440604010200（河宕村民委员会）,5165,4.40604E+11,417,417
584724845,佛山市凯诚纺织有限公司,440604011204（上朗村民委员会）,5131,4.40604E+11,418,418
584734605,新中源建材有限公司,440604100205（东村村民委员会）,5165,4.40604E+11,419,419
584741610,佛山市泓利来进出口有限公司,440604012050（北江社区居委会）,5135,4.40604E+11,420,420
586306321,佛山比亚乔机动车技术研发有限公司,440604011214（海口村民委员会）,5173,4.40604E+11,421,421
586338972,佛山市联德发纺织有限公司,440604011207（大江村民委员会）,5131,4.40604E+11,422,422
586372919,佛山市正通维新商贸有限公司,440604012062（圣堂社区居委会）,5172,4.40604E+11,423,423
586389294,佛山市中博洋经贸有限公司,440604010010（平远社区居委会）,5131,4.40604E+11,424,424
586398510,佛山市华歌陶瓷有限公司,440604100201（南庄村民委员会）,5165,4.40604E+11,425,425
58825369X,佛山市凌仕经贸有限公司,440604012050（北江社区居委会）,5139,4.40604E+11,426,426
588261331,佛山市东鹏陶瓷有限公司,440604010018（红卫社区居委会）,5165,4.40604E+11,427,427
588266781,佛山市翔泰纺织有限公司,440604012200（永红村民委员会）,5131,4.40604E+11,428,428
588287195,佛山市伊旺豪川贸易有限公司,440604012001（朝安东社区居委会）,5181,4.40604E+11,429,429
588296489,佛山市汇生淇纺织有限公司,440604011207（大江村民委员会）,5131,4.40604E+11,430,430
588340435,佛山市给粒安防设备有限公司,440604012013（高基社区居委会）,5179,4.40604E+11,431,431
588347178,佛山市胜祥集运进出口有限公司,440604012050（北江社区居委会）,5139,4.40604E+11,432,432
590071684,广东零壹工业技术有限公司,440604011204（上朗村民委员会）,5175,4.40604E+11,433,433
590071991,佛山市天骏进出口有限公司,440604012033（铁军社区居委会）,5165,4.40604E+11,434,434
590081153,佛山市大盟帝金属材料有限公司,440604010024（石头村民委员会）,5164,4.40604E+11,435,435
590085461,佛山市硕丰源贸易有限公司,440604010029（泷景社区居委会）,5164,4.40604E+11,436,436
590114154,佛山市东鹏陶瓷发展有限公司,440604100208（堤田村民委员会）,5165,4.40604E+11,437,437
590120474,佛山市恒宇发贸易有限公司,440604010203（沙岗村民委员会）,5169,4.40604E+11,438,438
590123050,佛山市绿邮网络科技有限公司,440604011006（东便社区居委会）,5134,4.40604E+11,439,439
590124387,佛山市法恩安华卫浴有限公司,440604100002（绿岛社区居委会）,5135,4.40604E+11,440,440
59013231X,佛山市润辉合化工有限公司,440604010001（澜石社区居委会）,5169,4.40604E+11,441,441
590137348,佛山市新濠陶瓷有限公司,440604100002（吉利村民委员会）,5165,4.40604E+11,442,442
590138455,广东长定贸易有限公司,440604010206（黎冲村民委员会）,5164,4.40604E+11,443,443
592128402,佛山市百炼成钢业有限公司,440604010206（石头村民委员会）,5164,4.40604E+11,444,444
592136920,佛山市兴瑞汽车贸易有限公司,440604010007（河宕村民委员会）,5261,4.40604E+11,445,445
592147574,佛山市粤瑞丰汽车贸易有限公司,440604010200（河宕村民委员会）,5261,4.40604E+11,446,446
592183962,佛山市鹏龙电脑有限公司,440604012008（高基社区居委会）,5273,4.40604E+11,447,447
592186565,佛山市顺祥丰贸易有限公司,440604010206（石头村民委员会）,5164,4.40604E+11,448,448
594007890,佛山市中亿信焊接材料有限公司,440604012006（城北社区居委会）,5164,4.40604E+11,449,449
594015970,佛山市淦泉金属贸易有限公司,440604011004（清水桥社区居委会）,5164,4.40604E+11,450,450
594021959,佛山瑞钢达贸易有限公司,440604010011（石头村民委员会）,5164,4.40604E+11,451,451
594076714,佛山市耀棉纺织贸易有限公司,440604011204（上朗村民委员会）,5131,4.40604E+11,452,452
594088248,佛山市金联强化工有限公司,440604010201（莲峰社区居委会）,5169,4.40604E+11,453,453
594090583,佛山德赛斯建材有限公司,440604010005（福华社区居委会）,5165,4.40604E+11,454,454
595800057,佛山市木新代科技有限公司,440604011214（海口村民委员会）,5136,4.40604E+11,455,455
595810925,佛山市立润纺织有限公司,440604011205（下朗村民委员会）,5131,4.40604E+11,456,456
595828033,中石化佛山新能源有限公司,440604011009（智城社区居委会）,5199,4.40604E+11,457,457
597410159,佛山市瀚众汽车贸易服务有限公司,440604100201（南庄村民委员会）,5261,4.40604E+11,458,458
597417297,佛山市威星达贸易有限公司,440604010024（文华社区居委会）,5138,4.40604E+11,459,459
597437634,佛山市金乘日工业制品有限公司,440604010025（东平社区居委会）,5165,4.40604E+11,460,460
59894251X,佛山市凯米富化工有限公司,440604012050（北江社区居委会）,5169,4.40604E+11,461,461
598957009,佛山埃尔肯贸易有限公司,440604012055（同济社区居委会）,5165,4.40604E+11,462,462
59896601X,佛山市柏高斯贸易有限公司,440604100208（堤田村民委员会）,5165,4.40604E+11,463,463
598973009,佛山市浩森纺织有限公司,440604011011（张槎村民委员会）,5131,4.40604E+11,464,464
598977210,佛山市司嘉来进出口有限公司,440604100208（堤田村民委员会）,5165,4.40604E+11,465,465
598994280,佛山市柏年建材有限公司,440604100208（堤田村民委员会）,5165,4.40604E+11,466,466
617586216,佛山石湾鹰牌陶瓷有限公司,440604010021（莲峰社区居委会）,5165,4.40604E+11,467,467
61758718X,日丰企业集团有限公司,440604012040（东园社区居委会）,5169,4.40604E+11,468,468
617587227,佛山市奇力机电设备有限公司,440604011002（江湾社区居委会）,5174,4.40604E+11,469,469
617637511,佛山市瑞山集团有限公司,440604012063（唐园社区居委会）,5169,4.40604E+11,470,470
618099348,佛山市隆生贸易有限公司,440604010025（东平社区居委会）,5164,4.40604E+11,471,471
661468604,佛山市加西亚瓷砖有限公司,440604011213（青柯村民委员会）,5165,4.40604E+11,472,472
661516506,佛山市晨颖陶瓷有限公司,440604010200（河宕村民委员会）,5165,4.40604E+11,473,473
661519045,佛山海迪汽车有限公司,440604010200（河宕村民委员会）,5261,4.40604E+11,474,474
661539548,广东鑫航投资集团有限公司,440604010206（澜石社区居委会）,5164,4.40604E+11,475,475
663306262,佛山市茂正进出口贸易有限公司,440604012025（河宕村民委员会）,5132,4.40604E+11,476,476
663326570,佛山市迅亚建材有限公司,440604100201（南庄村民委员会）,5165,4.40604E+11,477,477
663362731,佛山市天驹汽车贸易有限公司,440604010200（河宕村民委员会）,5261,4.40604E+11,478,478
663369255,佛山市树诚钢业有限公司,440604010206（澜石社区居委会）,5164,4.40604E+11,479,479
663387349,佛山意达陶热能材料有限公司,440604011004（清水桥社区居委会）,5165,4.40604E+11,480,480
663388536,佛山市联润丰不锈钢有限公司,440604010206（石头村民委员会）,5164,4.40604E+11,481,481
664950922,佛山市依诺陶瓷有限公司,440604100002（吉利社区居委会）,5165,4.40604E+11,482,482
664953138,佛山市中振贸易有限公司,440604012013（培德社区居委会）,5274,4.40604E+11,483,483
664954659,佛山市源兆丰贸易有限公司,440604010206（石头村民委员会）,5164,4.40604E+11,484,484
664967329,佛山市盛博贸易有限公司,440604012027（海口村民委员会）,5135,4.40604E+11,485,485
664972881,佛山市泰侨贸易有限公司,440604010206（石头村民委员会）,5164,4.40604E+11,486,486
664987530,佛山市鸿山纺织有限公司,440604011205（下朗村民委员会）,5131,4.40604E+11,487,487
664988795,佛山市道昌建材有限公司,440604010018（红卫社区居委会）,5165,4.40604E+11,488,488
664997616,佛山市润鸿钢制品贸易有限公司,440604012033（朝安东社区居委会）,5164,4.40604E+11,489,489
665025974,佛山市昕宸针织有限公司,440604011204（上朗村民委员会）,5179,4.40604E+11,490,490
665045203,佛山市宏民钢业有限公司,440604010211（澜石社区居委会）,5164,4.40604E+11,491,491
666464039,佛山市融易贸易有限公司,440604012063（唐园社区居委会）,5179,4.40604E+11,492,492
666479775,佛山市弘舜进出口贸易有限公司,440604012051（塔坡社区居委会）,5165,4.40604E+11,493,493
666482640,佛山市豪象电器有限公司,440604010015（湖景社区居委会）,5174,4.40604E+11,494,494
666486596,佛山市冠昱空调设备工程有限公司,440604010200（河宕村民委员会）,5138,4.40604E+11,495,495
666491678,佛山市坚利东成标件有限公司,440604010009（季华社区居委会）,5174,4.40604E+11,496,496
666509305,佛山市尼奥斯建材有限公司,440604010200（河宕村民委员会）,5165,4.40604E+11,497,497
666522016,佛山市德尔信进出口贸易有限公司,440604012205（城北社区居委会）,5132,4.40604E+11,498,498
668154739,佛山市禾非服饰有限公司,440604011203（村尾村民委员会）,5132,4.40604E+11,499,499
668166983,佛山市浚棉纺织有限公司,440604011204（下朗村民委员会）,5131,4.40604E+11,500,500
668174385,佛山市卓孚经贸有限公司,440604012013（石头村民委员会）,5164,4.40604E+11,501,501
668194626,佛山市艾菲尔陶瓷有限公司,440604100201（罗格村民委员会）,5165,4.40604E+11,502,502
668233859,佛山市杰诺布业有限公司,440604012204（佛平北社区居委会）,5131,4.40604E+11,503,503
669834963,佛山市丰宝纺织有限公司,440604011011（上朗村民委员会）,5131,4.40604E+11,504,504
669877154,佛山市金牌陶瓷进出口贸易有限公司,440604100002（吉利村民委员会）,5165,4.40604E+11,505,505
66987827X,佛山市德祥源金属材料有限公司,440604012205（城北社区居委会）,5164,4.40604E+11,506,506
671357772,佛山市联禧金属实业有限公司,440604010029（黎冲村民委员会）,5164,4.40604E+11,507,507
671358070,佛山市广雅教育书店有限公司,440604012063（唐园社区居委会）,5143,4.40604E+11,508,508
671380577,佛山市仁和丰纺织有限公司,440604011001（江湾社区居委会）,5131,4.40604E+11,509,509
671571437,佛山市顺隆信息科技有限公司,440604012050（北江社区居委会）,5273,4.40604E+11,510,510
671572288,佛山市方舟机电贸易有限公司,440604012205（城北社区居委会）,5281,4.40604E+11,511,511
671588466,佛山市禅城区雄硕机电有限公司,440604012006（城北社区居委会）,5179,4.40604E+11,512,512
673078777,佛山市卡烁进出口有限公司,440604011009（智城社区居委会）,5165,4.40604E+11,513,513
673136455,佛山市富安娜家居用品营销有限公司,440604012055（同济社区居委会）,5231,4.40604E+11,514,514
673143102,佛山市楠源钢业有限公司,440604010001（黎冲村民委员会）,5164,4.40604E+11,515,515
675178309,佛山市迦盛经贸有限公司,440604010200（番村村民委员会）,5165,4.40604E+11,516,516
675183300,佛山市数位银河科技信息有限公司,440604012008（上沙社区居委会）,5273,4.40604E+11,517,517
675193859,佛山市宝茏钢铁有限公司,440605126006（罗格村民委员会）,5174,4.40604E+11,518,518
675198609,佛山市杰森进出口贸易有限公司,440604010025（东平社区居委会）,5165,4.40604E+11,519,519
675203084,佛山市鹏华力天进出口有限公司,440604012062（同福社区居委会）,5165,4.40604E+11,520,520
677056719,佛山市双弘金属材料有限公司,440604012050（联和社区居委会）,5164,4.40604E+11,521,521
677069560,佛山市星弘贸易有限公司,440604012045（塔坡社区居委会）,5163,4.40604E+11,522,522
677101620,佛山市兹华磁砖有限公司,440604100208（堤田村民委员会）,5165,4.40604E+11,523,523
677105330,佛山利长进出口有限公司,440604012033（铁军社区居委会）,5165,4.40604E+11,524,524
67881792X,佛山市恒利诚不锈钢有限公司,440604010206（澜石社区居委会）,5164,4.40604E+11,525,525
678820790,佛山市太泉纺织有限公司,440604011205（白坭村民委员会）,5131,4.40604E+11,526,526
678841858,广东博达科技有限公司,440604010005（福华社区居委会）,5165,4.40604E+11,527,527
67884934X,佛山市纬航建材有限公司,440604100201（南庄村民委员会）,5165,4.40604E+11,528,528
67886577X,佛山市酷士得进出口有限公司,440604010200（红卫社区居委会）,5165,4.40604E+11,529,529
678867337,鸿励食品（广东）有限公司,440604011205（上朗村民委员会）,5129,4.40604E+11,530,530
678873729,佛山市雎【贸有限公司,440604010009（季华社区居委会）,5165,4.40604E+11,531,531
678890318,佛山陆风汽车销售有限公司,440604010200（河宕村民委员会）,5261,4.40604E+11,532,532
67889110X,佛山市瀚锦经贸实业有限公司,440604012064（新城社区居委会）,5165,4.40604E+11,533,533
678897288,佛山市今诚食品有限公司,440604012013（培德社区居委会）,5129,4.40604E+11,534,534
67889778X,佛山市布丰纺织有限公司,440604011206（古灶村民委员会）,5131,4.40604E+11,535,535
678898205,佛山市华库贸易有限公司,440604010001（石梁村民委员会）,5164,4.40604E+11,536,536
680572060,佛山市盛泰汽车销售服务有限公司,440604010200（河宕村民委员会）,5261,4.40604E+11,537,537
680582517,佛山市卓驰不锈钢有限公司,440604010001（澜石社区居委会）,5164,4.40604E+11,538,538
680583456,佛山市安图进出口服务有限公司,440604012055（保安社区居委会）,5165,4.40604E+11,539,539
680594921,佛山市瑛华化工有限公司,440604012050（北江社区居委会）,5169,4.40604E+11,540,540
680602071,佛山市恒裕顺贸易有限公司,440604010205（深村村民委员会）,5164,4.40604E+11,541,541
680610362,佛山市融通四海贸易有限公司,440604010025（东平社区居委会）,5127,4.40604E+11,542,542
680634647,佛山市康宝健食品贸易有限公司,440604012001（朝安东社区居委会）,5129,4.40604E+11,543,543
680635850,佛山市添贝鼍贸有限公司,440604010008（金澜社区居委会）,5165,4.40604E+11,544,544
680636108,佛山市楷达进出口有限公司,440604010200（河宕村民委员会）,5137,4.40604E+11,545,545
680636810,佛山市利德嘉无机新型材料有限公司,440604011004（清水桥社区居委会）,5169,4.40604E+11,546,546
680646891,佛山市玛丁优罗进出口有限公司,440604011004（江海社区居委会）,5165,4.40604E+11,547,547
680647798,广东骏威龙汽车贸易有限公司,440604010200（河宕村民委员会）,5261,4.40604E+11,548,548
682411711,佛山市意特陶陶瓷有限公司,440604010019（忠信社区居委会）,5165,4.40604E+11,549,549
68242044X,佛山市皇樵贸易有限公司,440604100002（吉利社区居委会）,5165,4.40604E+11,550,550
682426585,佛山市西诺克自动化工程有限公司,440604100208（绿岛社区居委会）,5179,4.40604E+11,551,551
682450331,佛山市西伍服饰有限公司,440604010019（忠信社区居委会）,5292,4.40604E+11,552,552
682457533,佛山市钢拓供应链有限公司,440604010206（石头村民委员会）,5164,4.40604E+11,553,553
68247144X,佛山市源德裕钢业有限公司,440604010206（泷景社区居委会）,5164,4.40604E+11,554,554
682476486,佛山市山特科星电子有限公司,440604010010（平远社区居委会）,5179,4.40604E+11,555,555
684417818,佛山市天为布行纺织有限公司,440604011205（下朗村民委员会）,5131,4.40604E+11,556,556
684431054,佛山东天红进出口有限公司,440604012057（垂虹社区居委会）,5181,4.40604E+11,557,557
684454475,佛山市美昊机电设备有限公司,440604010202（塘头村民委员会）,5138,4.40604E+11,558,558
686361686,佛山市先策树脂有限公司,440604011004（清水桥社区居委会）,5169,4.40604E+11,559,559
686395579,佛山市拜登加油站有限公司,440604010027（奇槎社区居委会）,5265,4.40604E+11,560,560
686401676,佛山市万润自动化设备有限公司,440604011205（上朗村民委员会）,5175,4.40604E+11,561,561
686406063,佛山鑫联不锈钢有限公司,440604011010（江海社区居委会）,5164,4.40604E+11,562,562
686417280,佛山市赢诚贸易有限公司,440604100201（南庄村民委员会）,5165,4.40604E+11,563,563
688600150,佛山市利华达不锈钢有限公司,440604010206（石头村民委员会）,5164,4.40604E+11,564,564
688606712,佛山市尚颐陶瓷有限公司,440604010200（智城社区居委会）,5165,4.40604E+11,565,565
68864126X,佛山市鑫泰佳不锈钢有限公司,440604010206（石头村民委员会）,5164,4.40604E+11,566,566
688696164,佛山市顾达仕贸易有限公司,440604010201（河宕村民委员会）,5164,4.40604E+11,567,567
688699517,佛山市保纶贸易有限公司,440604011006（东便社区居委会）,5135,4.40604E+11,568,568
690455298,佛山市新集化工科技有限公司,440604010001（澜石社区居委会）,5169,4.40604E+11,569,569
690458042,佛山市德珩纺织有限公司,440604011204（上朗村民委员会）,5131,4.40604E+11,570,570
690498220,佛山市华特兴贸易有限公司,440604012047（普东社区居委会）,5139,4.40604E+11,571,571
690506374,佛山市良实发五金交电贸易有限公司,440604011211（东鄱村民委员会）,5164,4.40604E+11,572,572
690515502,佛山市沃霖贸易发展有限公司,440604010200（河宕村民委员会）,5149,4.40604E+11,573,573
690524740,佛山市兰菱汽车销售服务有限公司,440604010200（河宕村民委员会）,5261,4.40604E+11,574,574
692418271,佛山市众凯汽配贸易有限公司,440604012205（朝安东社区居委会）,5172,4.40604E+11,575,575
692424508,佛山市中祥联钢业有限公司,440604010206（石头村民委员会）,5164,4.40604E+11,576,576
69243022X,佛山市美都机电设备有限公司,440604010012（绿景社区居委会）,5165,4.40604E+11,577,577
692430617,佛山市富全美斯贸易有限公司,440604010012（丽银社区居委会）,5132,4.40604E+11,578,578
692431775,佛山市禅医行医药发展有限公司,440604010019（三友社区居委会）,5251,4.40604E+11,579,579
692434642,佛山市鹏东铝业有限公司,440604012054（同华社区居委会）,5164,4.40604E+11,580,580
692437472,佛山市赛维尔进出口有限公司,440604012059（卫国社区居委会）,5165,4.40604E+11,581,581
692460293,佛山市海呈供应链管理有限公司,440604012016（北江社区居委会）,5164,4.40604E+11,582,582
692462344,佛山市古粤新型材料有限公司,440604011214（海口村民委员会）,5169,4.40604E+11,583,583
69246506X,佛山市扬天建材有限公司,440604011009（智城社区居委会）,5165,4.40604E+11,584,584
692467700,广东康希纺织科技有限公司,440604011204（上朗村民委员会）,5131,4.40604E+11,585,585
692473190,广东亮河机电设备有限公司,440604012205（城北社区居委会）,5175,4.40604E+11,586,586
692478450,佛山市鑫卓越建材有限公司,440604011004（清水桥社区居委会）,5165,4.40604E+11,587,587
694705370,佛山市艾陶制釉有限公司,440604100004（河畔社区居委会）,5169,4.40604E+11,588,588
694778158,佛山市卓雅陶瓷有限公司,440604100210（吉利村民委员会）,5165,4.40604E+11,589,589
694789527,佛山市嘉晋进出口有限公司,440604010200（河宕村民委员会）,5165,4.40604E+11,590,590
694792734,佛山市粤弘德不锈钢有限公司,440604010206（石头村民委员会）,5164,4.40604E+11,591,591
696426826,佛山市嘉柏年进出口有限公司,440604010200（河宕村民委员会）,5165,4.40604E+11,592,592
696444899,佛山市正一大电气有限公司,440604011204（张槎村民委员会）,5175,4.40604E+11,593,593
696447547,佛山市格立菲斯建材有限公司,440604011204（上朗村民委员会）,5165,4.40604E+11,594,594
696450287,佛山市鑫万象进出口贸易有限公司,440604010026（江滨社区居委会）,5165,4.40604E+11,595,595
696459062,佛山市源信计算机网络有限公司,440604012002（佛平北社区居委会）,5273,4.40604E+11,596,596
696476145,佛山市禅城区ゴ锿金属材料有限公司,440604010202（澜石社区居委会）,5164,4.40604E+11,597,597
696477682,佛山市兴辉源贸易有限公司,440604012062（同福社区居委会）,5161,4.40604E+11,598,598
696492380,佛山市全通进出口有限公司,440604011003（马岗社区居委会）,5165,4.40604E+11,599,599
696497245,佛山市豪韵达陶瓷有限公司,440604100002（吉利社区居委会）,5165,4.40604E+11,600,600
698119248,佛山丽都陶瓷有限公司,440604100201（南庄村民委员会）,5165,4.40604E+11,601,601
698120732,佛山市季兰金属材料有限公司,440604010012（福华社区居委会）,5164,4.40604E+11,602,602
69814673X,大纪（佛山）经贸有限公司,440604012035（建设社区居委会）,5164,4.40604E+11,603,603
698148516,广东万轩金属有限公司,440604010010（平远社区居委会）,5164,4.40604E+11,604,604
698196083,广东金碧陶瓷贸易有限公司,440604100002（吉利社区居委会）,5163,4.40604E+11,605,605
699740546,佛山市安迪通汽车贸易有限公司,440604010200（河宕村民委员会）,5261,4.40604E+11,606,606
69975143X,广东玛缇陶瓷有限公司,440604100210（吉利村民委员会）,5165,4.40604E+11,607,607
699753443,佛山市华冠建材有限公司,440604010025（澜石社区居委会）,5165,4.40604E+11,608,608
699781161,佛山市拓埔电气有限公司,440604011210（塘头村民委员会）,5135,4.40604E+11,609,609
699786958,佛山市广冶不锈钢有限公司,440604010206（澜石社区居委会）,5164,4.40604E+11,610,610
707537186,佛山市常捷电子有限公司,440604011210（纯阳社区居委会）,5175,4.40604E+11,611,611
707537397,佛山市万溢经贸有限公司,440604010024（文华社区居委会）,5137,4.40604E+11,612,612
707736142,佛山市顺业金属材料有限公司,440604011004（张槎村民委员会）,5164,4.40604E+11,613,613
707737567,佛山机电设备有限公司,440604010007（番村村民委员会）,5261,4.40604E+11,614,614
707737751,佛山加德士石油有限公司,440604012055（同华社区居委会）,5265,4.40604E+11,615,615
707741291,佛山市爱佳陶瓷有限公司,440604010200（河宕村民委员会）,5165,4.40604E+11,616,616
707743772,佛山市鑫创实业有限公司,440604011214（海口村民委员会）,5265,4.40604E+11,617,617
707945091,佛山市路通汽车贸易有限公司,440604010200（河宕村民委员会）,5261,4.40604E+11,618,618
707947302,佛山市华横石油化工有限公司,440604010003（惠景社区居委会）,5161,4.40604E+11,619,619
707949033,佛山市爱普电脑工程有限公司,440604012013（高基社区居委会）,5176,4.40604E+11,620,620
708118119,新明珠集团股份有限公司,440604100002（吉利社区居委会）,5165,4.40604E+11,621,621
708172692,佛山市奔腾针织有限公司,440604011204（上朗村民委员会）,5131,4.40604E+11,622,622
708173089,佛山市俊荣润滑油有限公司,440604012016（上沙社区居委会）,5162,4.40604E+11,623,623
708174436,佛山市科捷制釉有限公司,440604100201（南庄村民委员会）,5169,4.40604E+11,624,624
70817468X,佛山市禅城区司华商行,440604011207（张槎村民委员会）,5226,4.40604E+11,625,625
708174727,广东省佛山医药供销有限公司,440604010026（东平社区居委会）,5152,4.40604E+11,626,626
708176685,佛山市裕阳进出口有限公司,440604012060（保安社区居委会）,5131,4.40604E+11,627,627
708177936,佛山市恒通汽车贸易有限公司,440604010201（金子苑社区居委会）,5261,4.40604E+11,628,628
708178656,广东宏宇陶瓷控股有限公司,440604010200（河宕村民委员会）,5165,4.40604E+11,629,629
712393359,佛山市佛水水电设备有限公司,440604010012（丽银社区居委会）,5179,4.40604E+11,630,630
712393738,佛山市金光贸易有限公司,440604011213（青柯村民委员会）,5141,4.40604E+11,631,631
712393762,佛山市丰利达铝业有限公司,440604100210（吉利村民委员会）,5164,4.40604E+11,632,632
712394757,佛山市维尔新型材料有限公司,440604010200（桂一社区居委会）,5169,4.40604E+11,633,633
714701386,广东烟草佛山市有限责任公司,440604012055（同济社区居委会）,5128,4.40604E+11,634,634
714886528,佛山市新安化工贸易有限公司,440604012002（佛平北社区居委会）,5169,4.40604E+11,635,635
714886552,佛山市明顺电器设备有限公司,440604010008（金澜社区居委会）,5174,4.40604E+11,636,636
717865968,佛山市尼罗建材有限公司,440604100202（紫南村民委员会）,5165,4.40604E+11,637,637
719208099,佛山市禅城区森南农机中心,440604011003（马岗社区居委会）,5171,4.40604E+11,638,638
719209366,佛山市吉田气体有限公司,440604010010（澜石社区居委会）,5169,4.40604E+11,639,639
719209788,佛山市康太冷气装饰工程有限公司,440604012063（唐园社区居委会）,5272,4.40604E+11,640,640
719232646,佛山市兆南贸易有限公司,440604012200（永红村民委员会）,5164,4.40604E+11,641,641
719269238,佛山市海源化工燃料有限公司,440604011204（古灶村民委员会）,5162,4.40604E+11,642,642
719285158,佛山市新陆有限公司,440604012027（后街社区居委会）,5138,4.40604E+11,643,643
719286230,佛山市宝兴汽车贸易有限公司,440604010007（番村村民委员会）,5261,4.40604E+11,644,644
719364446,佛山市奔路贸易有限公司,440604012035（山紫社区居委会）,5232,4.40604E+11,645,645
71936477X,佛山市雅信医药有限公司,440604012062（同福社区居委会）,5151,4.40604E+11,646,646
721115561,佛山市金盛化工有限公司,440604012061（南浦社区居委会）,5169,4.40604E+11,647,647
721116054,佛山市万裕贸易有限公司,440604011204（下朗村民委员会）,5131,4.40604E+11,648,648
721117356,佛山市广缆贸易有限公司,440604012048（普南社区居委会）,5174,4.40604E+11,649,649
72118759X,广东天耀进出口集团有限公司,440604012055（季华社区居委会）,5169,4.40604E+11,650,650
721193906,佛山通宝华宇实业有限公司,440604012016（上沙社区居委会）,5179,4.40604E+11,651,651
721194781,佛山市通球锅炉配件有限公司,440604010202（塘头村民委员会）,5174,4.40604E+11,652,652
722446186,佛山市溢祥物资经贸有限公司,440604011006（东便社区居委会）,5165,4.40604E+11,653,653
722448755,佛山市海天调味食品股份有限公司,440604012009（文南社区居委会）,5125,4.40604E+11,654,654
722455912,佛山市盈辉实业有限公司,440604010005（福华社区居委会）,5165,4.40604E+11,655,655
722462258,佛山市正阳医疗器械有限公司,440604010026（江滨社区居委会）,5154,4.40604E+11,656,656
722466443,佛山市华年机电成套有限公司,440604011203（古灶村民委员会）,5175,4.40604E+11,657,657
722906023,佛山市天佳电子进出口有限公司,440604012033（铁军社区居委会）,5179,4.40604E+11,658,658
722906365,佛山市禅海燃气有限公司,440604012031（白燕社区居委会）,5162,4.40604E+11,659,659
723840978,佛山市澜石炜联不锈钢制品有限公司,440604010206（石头村民委员会）,5164,4.40604E+11,660,660
724352925,佛山市同泽贸易有限公司,440604012054（同华社区居委会）,5132,4.40604E+11,661,661
724368935,佛山威尔斯陶瓷装饰有限公司,440604011004（清水桥社区居委会）,5165,4.40604E+11,662,662
724387968,佛山市泰荣经贸发展有限公司,440604010009（季华社区居委会）,5138,4.40604E+11,663,663
724761243,佛山市禅城区中油燃料有限公司,440604100002（吉利社区居委会）,5162,4.40604E+11,664,664
724779144,中国石化销售股份有限公司广东佛山石油分公司,440604012033（铁军社区居委会）,5162,4.40604E+11,665,665
724779259,佛山市侨柏经贸有限公司,440604012027（后街社区居委会）,5129,4.40604E+11,666,666
725494247,佛山市上裕经贸有限公司,440604010001（澜石社区居委会）,5139,4.40604E+11,667,667
725965424,佛山市扬子贸易有限公司,440604010008（金澜社区居委会）,5165,4.40604E+11,668,668
725967163,佛山市协力汽车贸易有限公司,440604010201（番村村民委员会）,5261,4.40604E+11,669,669
725973758,佛山市昌信钢材贸易有限公司,440604010025（东平社区居委会）,5164,4.40604E+11,670,670
726482811,佛山市永君有色金属有限公司,440604012036（沙塘社区居委会）,5164,4.40604E+11,671,671
72648522X,佛山市太钢不锈钢销售有限公司,440604010206（澜石社区居委会）,5164,4.40604E+11,672,672
726499832,佛山市泓泷鑫电器照明有限公司,440604012205（敦厚村民委员会）,5136,4.40604E+11,673,673
726510579,佛山市利康五金机电有限公司,440604012205（敦厚村民委员会）,5281,4.40604E+11,674,674
726517922,佛山市易成金属材料有限公司,440604010200（河宕村民委员会）,5164,4.40604E+11,675,675
726523281,佛山市华富得进出口贸易有限公司,440604012033（铁军社区居委会）,5165,4.40604E+11,676,676
726527266,佛山市晶石新材料进出口有限公司,440604011010（大江村民委员会）,5181,4.40604E+11,677,677
727069930,广东新中源陶瓷有限公司,440604100205（东村村民委员会）,5165,4.40604E+11,678,678
727087207,佛山市江铃汽车销售有限公司,440604010200（河宕村民委员会）,5261,4.40604E+11,679,679
727856299,中国石油天然气股份有限公司广东佛山销售分公司,440604010025（东平社区居委会）,5162,4.40604E+11,680,680
727866446,佛山市乙兴烫金材料有限公司,440604011205（下朗村民委员会）,5169,4.40604E+11,681,681
727887597,佛山市威科医疗器械有限公司,440604010211（黎冲村民委员会）,5154,4.40604E+11,682,682
72874204X,佛山市大宇新型材料有限公司,440604010208（湾华村民委员会）,5169,4.40604E+11,683,683
728751763,佛山市强劲丰田汽车销售服务有限公司,440604010007（番村村民委员会）,5261,4.40604E+11,684,684
728753347,佛山市广成达进出口有限公司,440604012040（东园社区居委会）,5165,4.40604E+11,685,685
728754729,佛山市陶莹新型材料有限公司,440604011204（上朗村民委员会）,5169,4.40604E+11,686,686
728754737,佛山市新建邦建材有限公司,440604012061（南浦社区居委会）,5165,4.40604E+11,687,687
72923360X,佛山市聚能包装材料有限公司,440604012027（圣堂社区居委会）,5169,4.40604E+11,688,688
729235349,佛山市施托德电力电气有限公司,440604012205（城北社区居委会）,5174,4.40604E+11,689,689
730443890,佛山市吉利达纸业有限公司,440604011209（张槎村民委员会）,5199,4.40604E+11,690,690
731441360,广东佛陶集团进出口贸易有限公司,440604010020（忠信社区居委会）,5165,4.40604E+11,691,691
731441387,佛山市广华源土产有限公司,440604012061（南浦社区居委会）,5121,4.40604E+11,692,692
731464175,佛山市禅城盈源贸易有限公司,440604100002（吉利社区居委会）,5169,4.40604E+11,693,693
731472300,佛山市大德成贸易有限公司,440604010005（东平社区居委会）,5162,4.40604E+11,694,694
732181791,佛山市诚隆行空调电气有限公司,440604012033（铁军社区居委会）,5138,4.40604E+11,695,695
733097479,佛山市恒润丰有色金属有限公司,440604011214（海口村民委员会）,5169,4.40604E+11,696,696
733118591,广东友邦医药有限公司,440604010205（深村村民委员会）,5151,4.40604E+11,697,697
734119705,佛山市世陶磁砖有限公司,440604100002（吉利社区居委会）,5165,4.40604E+11,698,698
734127692,佛山市石湾东洋建材有限公司,440604010017（河宕村民委员会）,5285,4.40604E+11,699,699
734129903,佛山市悦华兴业进出口有限公司,440604010005（福华社区居委会）,5165,4.40604E+11,700,700
735004037,广东恒福陶瓷有限公司,440604100210（吉利村民委员会）,5165,4.40604E+11,701,701
735032572,佛山市弘富贸易有限公司,440604010009（季华社区居委会）,5174,4.40604E+11,702,702
736160939,佛山市翰文贸易有限公司,440604012025（山紫社区居委会）,5179,4.40604E+11,703,703
736161261,佛山市华福鸿不锈钢有限公司,440604010201（季华社区居委会）,5164,4.40604E+11,704,704
736163937,广东金杨倍健生物科技有限公司,440604010024（文华社区居委会）,5126,4.40604E+11,705,705
736166476,佛山市正大机电轴承有限公司,440604011204（上朗村民委员会）,5175,4.40604E+11,706,706
736177634,佛山金兰工贸有限公司,440604010209（鄱阳村民委员会）,5164,4.40604E+11,707,707
737555086,佛山市喜德珠宝金行有限公司,440604012035（建设社区居委会）,5245,4.40604E+11,708,708
737555852,佛山市金百泽化工有限公司,440604012051（普东社区居委会）,5169,4.40604E+11,709,709
739850951,佛山市吉利贸易有限公司,440604012205（城北社区居委会）,5127,4.40604E+11,710,710
739850978,佛山市艺光广业贸易有限公司,440604010001（澜石社区居委会）,5164,4.40604E+11,711,711
739860455,佛山市昊兴贸易有限公司,440604012203（朝安东社区居委会）,5141,4.40604E+11,712,712
739865635,广东简一（集团）陶瓷有限公司,440604011009（智城社区居委会）,5165,4.40604E+11,713,713
739893468,佛山市欧亚汽车贸易有限公司,440604012050（北江社区居委会）,5162,4.40604E+11,714,714
740802690,佛山市力信化工有限公司,440604012027（后街社区居委会）,5169,4.40604E+11,715,715
740809737,佛山天创智晟信息科技有限公司,440604010007（金子苑社区居委会）,5178,4.40604E+11,716,716
74081566X,佛山市承展金属有限公司,440604010202（澜石社区居委会）,5164,4.40604E+11,717,717
74081814X,佛山市英丰汽车销售服务有限公司,440604011006（东便社区居委会）,5261,4.40604E+11,718,718
740822720,佛山市康麦林医疗用品有限公司,440604012060（保安社区居委会）,5154,4.40604E+11,719,719
741708604,佛山市赛通汽车贸易有限公司,440604010200（河宕村民委员会）,5261,4.40604E+11,720,720
741719549,佛山盈天医药销售有限公司,440604010025（东平社区居委会）,5152,4.40604E+11,721,721
741720371,佛山市志成兴纸业有限公司,440604011209（张槎村民委员会）,5199,4.40604E+11,722,722
742956781,佛山市全统百货有限公司,440604010008（金澜社区居委会）,5134,4.40604E+11,723,723
742964642,佛山市金地带瓷业有限公司,440604100002（吉利社区居委会）,5165,4.40604E+11,724,724
742971412,广东正孚科技有限公司,440604012008（高基社区居委会）,5176,4.40604E+11,725,725
742979131,佛山市赛格车圣导航有限公司,440604010005（福华社区居委会）,5279,4.40604E+11,726,726
742985419,佛山市夺彩织造有限公司,440604011203（古灶村民委员会）,5131,4.40604E+11,727,727
742991480,佛山市禅城区三益粤日用杂品经销部,440604012205（敦厚村民委员会）,5134,4.40604E+11,728,728
743656975,天兴消防器材集团有限公司,440604011004（清水桥社区居委会）,5179,4.40604E+11,729,729
743657425,佛山市翁开尔贸易有限公司,440604012054（同华社区居委会）,5175,4.40604E+11,730,730
743676570,佛山市禅城区好好多自选商场,440604012008（高基社区居委会）,5212,4.40604E+11,731,731
744450872,佛山市纤艺纺织有限公司,440604011004（清水桥社区居委会）,5131,4.40604E+11,732,732
74445905X,佛山市东方书城图书有限公司,440604012012（永安社区居委会）,5243,4.40604E+11,733,733
744460114,佛山市君百意自动化控制设备有限公司,440604011006（东便社区居委会）,5175,4.40604E+11,734,734
744461176,佛山市方达塑料有限公司,440604010007（金子苑社区居委会）,5169,4.40604E+11,735,735
744481927,佛山市美亨达进出口有限公司,440604012002（纯阳社区居委会）,5181,4.40604E+11,736,736
745519122,佛山市亨升经贸有限公司,440604012054（同华社区居委会）,5165,4.40604E+11,737,737
745534955,佛山市建聪化工有限公司,440604011211（东鄱村民委员会）,5169,4.40604E+11,738,738
745540271,佛山市广物君奥汽车贸易有限公司,440604010200（河宕村民委员会）,5261,4.40604E+11,739,739
745545400,佛山市东江经贸有限公司,440604012204（东升村民委员会）,5169,4.40604E+11,740,740
746264598,佛山市新明珠贸易有限公司,440604100002（吉利社区居委会）,5165,4.40604E+11,741,741
746283262,佛山市易佳达不锈钢贸易有限公司,440604010007（澜石社区居委会）,5164,4.40604E+11,742,742
74629341X,佛山市实力通电子有限公司,440604011206（海口村民委员会）,5174,4.40604E+11,743,743
747055157,佛山市锐晟汽车贸易有限公司,440604010007（河宕村民委员会）,5261,4.40604E+11,744,744
747057398,佛山市文一办公设备有限公司,440604012063（唐园社区居委会）,5241,4.40604E+11,745,745
747078420,佛山奇卓实业发展有限公司,440604012033（铁军社区居委会）,5131,4.40604E+11,746,746
748013733,佛山市通明钢丝制品有限公司,440604012205（城北社区居委会）,5174,4.40604E+11,747,747
748018315,佛山市泰鑫汽车销售服务有限公司,440604011004（清水桥社区居委会）,5261,4.40604E+11,748,748
748034219,佛山市开心大药房连锁有限公司,440604012056（旭日社区居委会）,5251,4.40604E+11,749,749
748047925,华耐立家建材有限公司,440604012027（后街社区居委会）,5165,4.40604E+11,750,750
749173763,广东金科陶瓷有限公司,440604100002（吉利社区居委会）,5165,4.40604E+11,751,751
749178839,佛山市众地贸易有限公司,440604012060（永红村民委员会）,5135,4.40604E+11,752,752
749196885,佛山市百乐陶化工有限公司,440604011004（清水桥社区居委会）,5169,4.40604E+11,753,753
749973293,佛山市宏达丹特化工有限公司,440604011004（清水桥社区居委会）,5169,4.40604E+11,754,754
749988524,佛山市诚达易经贸有限公司,440604010007（金子苑社区居委会）,5169,4.40604E+11,755,755
752079591,佛山市众升经贸有限公司,440604012063（唐园社区居委会）,5164,4.40604E+11,756,756
752094468,佛山市健强化工有限公司,440604010200（河宕村民委员会）,5169,4.40604E+11,757,757
752851895,佛山市奥克兰陶瓷建材有限公司,440604100208（堤田村民委员会）,5165,4.40604E+11,758,758
752861540,佛山市利纺化纤有限公司,440604011207（大江村民委员会）,5131,4.40604E+11,759,759
752879548,佛山市家美廊贸易有限公司,440604012050（北江社区居委会）,5199,4.40604E+11,760,760
753695388,佛山市众康药业有限公司,440604011204（上朗村民委员会）,5154,4.40604E+11,761,761
753696284,佛山市卡米亚陶瓷有限公司,440604100208（堤田村民委员会）,5165,4.40604E+11,762,762
754501944,佛山市胜达经贸有限公司,440604010024（文华社区居委会）,5174,4.40604E+11,763,763
75450634X,佛山禅信新材料科技有限公司,440604100208（堤田村民委员会）,5169,4.40604E+11,764,764
754514171,佛山市科达鑫自动化有限公司,440604012013（上朗村民委员会）,5179,4.40604E+11,765,765
754530403,佛山市粤成进出口有限公司,440604012059（卫国社区居委会）,5174,4.40604E+11,766,766
755604873,佛山市伟业兴纺织品有限公司,440604011204（上朗村民委员会）,5131,4.40604E+11,767,767
755614086,佛山市曼伦计生用品有限公司,440604011209（张槎村民委员会）,5134,4.40604E+11,768,768
756462635,佛山市至富经贸有限公司,440604012054（同华社区居委会）,5121,4.40604E+11,769,769
75648245X,佛山市金龙发纺织有限公司,440604011011（白坭村民委员会）,5131,4.40604E+11,770,770
756488421,佛山市好又多怡东百货商业有限公司,440604012012（庆宁社区居委会）,5212,4.40604E+11,771,771
757866359,佛山市兴华商场有限公司,440604012035（建设社区居委会）,5211,4.40604E+11,772,772
757879539,佛山市晨明创展贸易有限公司,440604010005（福华社区居委会）,5164,4.40604E+11,773,773
757891773,佛山市太吉酒业有限公司,440604012030（花园社区居委会）,5127,4.40604E+11,774,774
758301085,佛山市国俊经贸有限公司,440604010007（金子苑社区居委会）,5165,4.40604E+11,775,775
758326207,佛山市意宝陶瓷有限公司,440604011213（青柯村民委员会）,5165,4.40604E+11,776,776
758342792,广东利家居陶瓷有限公司,440604100202（紫南村民委员会）,5165,4.40604E+11,777,777
758345862,佛山市中讯仪器设备进出口有限公司,440604012055（同济社区居委会）,5179,4.40604E+11,778,778
759207920,佛山市中青机电有限公司,440604011213（青柯村民委员会）,5175,4.40604E+11,779,779
759223947,佛山市中源信陶瓷材料有限公司,440604010007（金子苑社区居委会）,5165,4.40604E+11,780,780
759225299,佛山市高浚经贸发展有限公司,440604010005（福华社区居委会）,5165,4.40604E+11,781,781
75924625X,佛山市罗迈思陶瓷有限公司,440604100201（南庄村民委员会）,5165,4.40604E+11,782,782
759247076,佛山市昭辉化工有限公司,440604010001（澜石社区居委会）,5169,4.40604E+11,783,783
759249688,佛山市中德自动化设备有限公司,440604011204（海口村民委员会）,5175,4.40604E+11,784,784
760609847,佛山市宜丰陶瓷化工有限公司,440604010007（南庄社区居委会）,5169,4.40604E+11,785,785
761550496,佛山市禅城区佳景贸易有限公司,440604010009（季华社区居委会）,5169,4.40604E+11,786,786
761556265,佛山市金瑞奇化工有限公司,440604012051（朝安东社区居委会）,5169,4.40604E+11,787,787
761559298,佛山市新景机械设备有限公司,440604011002（马岗社区居委会）,5174,4.40604E+11,788,788
761560803,佛山市琦富瑞电子有限公司,440604010005（玫瑰社区居委会）,5174,4.40604E+11,789,789
761565022,佛山市艾蓓怡服饰有限公司,440604011203（村尾村民委员会）,5232,4.40604E+11,790,790
761586800,佛山市鲁铝陶瓷材料有限公司,440604010200（榴苑社区居委会）,5169,4.40604E+11,791,791
761588945,佛山市融信计算机有限公司,440604012008（高基社区居委会）,5273,4.40604E+11,792,792
762927988,佛山市三里谷电子电器有限公司,440604012061（南浦社区居委会）,5179,4.40604E+11,793,793
762928040,佛山市欧斯达电器有限公司,440604010005（福华社区居委会）,5137,4.40604E+11,794,794
762934272,佛山市名山铝业有限公司,440604010202（塘头村民委员会）,5164,4.40604E+11,795,795
762935988,佛山市赛维思信息技术有限公司,440604012008（高基社区居委会）,5273,4.40604E+11,796,796
763800794,佛山市景宏贸易有限公司,440604100211（龙津村民委员会）,5163,4.40604E+11,797,797
763803864,佛山市道迅贸易有限公司,440604010202（塘头村民委员会）,5165,4.40604E+11,798,798
763809510,佛山市吉泰汽车销售服务有限公司,440604100002（吉利社区居委会）,5261,4.40604E+11,799,799
763820568,佛山市惠奥经贸有限公司,440604011002（江湾社区居委会）,5165,4.40604E+11,800,800
763832817,佛山市天旭进出口有限公司,440604012025（山紫社区居委会）,5165,4.40604E+11,801,801
76492174X,佛山市大唐合盛陶瓷有限公司,440604011214（海口村民委员会）,5165,4.40604E+11,802,802
764929012,佛山市长安隆汽车贸易有限公司,440604010007（澜石社区居委会）,5261,4.40604E+11,803,803
764929039,佛山市通海兆业进出口贸易有限公司,440604012033（铁军社区居委会）,5165,4.40604E+11,804,804
764931489,佛山市正联泰机电有限公司,440604012205（城北社区居委会）,5175,4.40604E+11,805,805
76493783X,佛山市美支特纺织有限公司,440604012001（村尾村民委员会）,5132,4.40604E+11,806,806
764943367,佛山市广济贸易有限公司,440604012033（保安社区居委会）,5121,4.40604E+11,807,807
765728220,佛山市苏宁易购销售有限公司,440604012034（建设社区居委会）,5272,4.40604E+11,808,808
765739667,佛山市穗兴粮油食品有限公司,440604011006（东便社区居委会）,5121,4.40604E+11,809,809
765740940,佛山市华翊能源有限公司,440604010003（惠景社区居委会）,5161,4.40604E+11,810,810
765742305,佛山市禅成医药有限公司,440604010201（三友社区居委会）,5151,4.40604E+11,811,811
765746939,佛山市兆顺贸易有限公司,440604010007（金子苑社区居委会）,5135,4.40604E+11,812,812
766563894,佛山市坚瓷贸易有限公司,440604011004（清水桥社区居委会）,5165,4.40604E+11,813,813
766572686,佛山市广达利贸易有限公司,440604012051（普东社区居委会）,5181,4.40604E+11,814,814
767300623,佛山市禅城区钢盈贸易有限公司,440604010206（澜石社区居委会）,5164,4.40604E+11,815,815
767305264,佛山市粮食集团有限公司,440604010206（石头村民委员会）,5121,4.40604E+11,816,816
767311461,佛山市天浩机电设备有限公司,440604011004（清水桥社区居委会）,5175,4.40604E+11,817,817
767313360,佛山市嘉谦纺织有限公司,440604011206（古灶村民委员会）,5131,4.40604E+11,818,818
767313643,佛山市茂华化工有限公司,440604010207（东平社区居委会）,5169,4.40604E+11,819,819
767335295,佛山市盈安经贸有限公司,440604011004（清水桥社区居委会）,5199,4.40604E+11,820,820
767345709,佛山市顺联国际购物中心有限公司,440604012055（同济社区居委会）,5211,4.40604E+11,821,821
768409479,佛山市优立富动力设备有限公司,440604011204（上朗村民委员会）,5174,4.40604E+11,822,822
768421232,广东凯西欧光健康有限公司,440604011009（张槎村民委员会）,5136,4.40604E+11,823,823
768445998,佛山市粤华隆纺织科技有限公司,440604011204（上朗村民委员会）,5131,4.40604E+11,824,824
769307562,佛山市金展鹏贸易有限公司,440604011010（江海社区居委会）,5169,4.40604E+11,825,825
769312644,佛山市盛朗经贸有限公司,440604010025（东平社区居委会）,5179,4.40604E+11,826,826
769325357,佛山市正一大自动化设备有限公司,440604011204（上朗村民委员会）,5175,4.40604E+11,827,827
769349041,佛山市万泰进出口有限公司,440604011004（清水桥社区居委会）,5165,4.40604E+11,828,828
770161644,佛山市诚宝经贸有限公司,440604010007（金子苑社区居委会）,5132,4.40604E+11,829,829
770173223,佛山市禅城区鸿润达材料有限公司,440604010211（石头村民委员会）,5164,4.40604E+11,830,830
770188476,佛山市中驰贸易有限公司,440604010025（澜石社区居委会）,5127,4.40604E+11,831,831
770191384,佛山市博亿达进出口有限公司,440604010005（福华社区居委会）,5174,4.40604E+11,832,832
770950731,佛山市积架纺织有限公司,440604011206（古灶村民委员会）,5131,4.40604E+11,833,833
770989388,广东全力达工业自动化有限公司,440604011214（海口村民委员会）,5162,4.40604E+11,834,834
770990426,佛山市丰城经贸有限公司,440604012204（东升村民委员会）,5169,4.40604E+11,835,835
770991218,佛山市禅城万家乐百货有限公司,440604100200（罗南村民委员会）,5211,4.40604E+11,836,836
770996078,佛山保和商贸有限公司,440604010207（石梁村民委员会）,5164,4.40604E+11,837,837
771864528,佛山市中南银龙贸易有限公司,440604010010（平远社区居委会）,5164,4.40604E+11,838,838
771877599,佛山市鼎诚兴贸易有限公司,440604010200（澜石社区居委会）,5165,4.40604E+11,839,839
771879199,佛山市友特钢业有限公司,440604010206（石头村民委员会）,5164,4.40604E+11,840,840
773051723,佛山市新华联电器贸易有限公司,440604012205（敦厚村民委员会）,5174,4.40604E+11,841,841
773062641,佛山市闽航纺织有限公司,440604011011（白坭村民委员会）,5131,4.40604E+11,842,842
773079670,佛山市亿明进出口贸易有限公司,440604010009（季华社区居委会）,5165,4.40604E+11,843,843
773097481,佛山市金海发纺织原料有限公司,440604011206（金沙社区居委会）,5131,4.40604E+11,844,844
77309941X,佛山市禅城区同成金属材料有限公司,440604010025（东平社区居委会）,5164,4.40604E+11,845,845
774002069,佛山市东欣经贸有限公司,440604012063（唐园社区居委会）,5129,4.40604E+11,846,846
774012080,佛山市华斯达贸易有限公司,440604100201（吉利社区居委会）,5162,4.40604E+11,847,847
774048753,佛山市华明医药有限公司,440604011006（东便社区居委会）,5152,4.40604E+11,848,848
774048761,佛山市永合丰贸易有限公司,440604012203（朝东村民委员会）,5165,4.40604E+11,849,849
775076051,佛山钢友钢铁有限公司,440604010025（石梁村民委员会）,5164,4.40604E+11,850,850
77508860X,佛山市旭宝进出口有限公司,440604012054（同华社区居委会）,5164,4.40604E+11,851,851
775094057,佛山市顺衡益供应链管理有限公司,440604011006（东便社区居委会）,5129,4.40604E+11,852,852
776243050,重药控股（佛山）医药有限公司,440604011204（上朗村民委员会）,5152,4.40604E+11,853,853
776909238,佛山市奇创自动化设备有限公司,440604011206（古灶村民委员会）,5138,4.40604E+11,854,854
776911856,佛山市利劲机电有限公司,440604011200（智城社区居委会）,5175,4.40604E+11,855,855
776938530,佛山市华瀛商贸有限公司,440604011206（古灶村民委员会）,5127,4.40604E+11,856,856
776941000,佛山市创洲化工有限公司,440604012006（城北社区居委会）,5169,4.40604E+11,857,857
776944906,佛山市恩善进出口有限公司,440604010003（东平社区居委会）,5165,4.40604E+11,858,858
777810934,佛山瑞泰进出口有限公司,440604010025（东平社区居委会）,5174,4.40604E+11,859,859
778300186,佛山市禅城区大宏焊接器材总汇,440604100216（杏头村民委员会）,5174,4.40604E+11,860,860
778301680,佛山市银锌金属材料有限公司,440604012055（同济社区居委会）,5164,4.40604E+11,861,861
778302093,佛山市禅城区盛祥商贸有限公司,440604012005（佛平北社区居委会）,5164,4.40604E+11,862,862
778304312,佛山市庆鸿金机械有限公司,440604010012（丽银社区居委会）,5179,4.40604E+11,863,863
778327995,佛山市海翼数码系统有限公司,440604010005（福华社区居委会）,5279,4.40604E+11,864,864
778338766,佛山市纤丝系制衣有限公司,440604011203（村尾村民委员会）,5131,4.40604E+11,865,865
779227806,佛山市禅城区澜石ナ⒔鹗糁破酚邢薰司,440604010206（澜石社区居委会）,5164,4.40604E+11,866,866
779230036,佛山市朗捷进出口贸易有限公司,440604010007（金子苑社区居委会）,5165,4.40604E+11,867,867
779233966,佛山市骏丰频谱科技有限公司,440604012027（季华社区居委会）,5255,4.40604E+11,868,868
779242336,佛山市中运斯巴鲁汽车销售有限公司,440604010200（河宕村民委员会）,5172,4.40604E+11,869,869
781168200,佛山市宝顺龙纺织有限公司,440604011206（古灶村民委员会）,5131,4.40604E+11,870,870
781182715,佛山市丽彩棉纺织有限公司,440604011211（金沙社区居委会）,5131,4.40604E+11,871,871
781183881,佛山市易尚科技有限公司,440604012055（同华社区居委会）,5165,4.40604E+11,872,872
782004080,佛山市永盛业进出口有限公司,440604011206（古灶村民委员会）,5165,4.40604E+11,873,873
782019135,佛山市光丰钢业集团有限公司,440604010206（石头村民委员会）,5164,4.40604E+11,874,874
782026116,佛山市亿日气动器材有限公司,440604012205（海口村民委员会）,5174,4.40604E+11,875,875
782036250,佛山市汇亚陶瓷有限公司,440604100002（吉利社区居委会）,5165,4.40604E+11,876,876
782039427,佛山市穗龙腾汽车贸易有限公司,440604010200（河宕村民委员会）,5261,4.40604E+11,877,877
782046045,佛山市佳意达纺织有限公司,440604011204（纯阳社区居委会）,5131,4.40604E+11,878,878
78295609X,佛山市佳德瑞贸易有限公司,440604012033（铁军社区居委会）,5165,4.40604E+11,879,879
782971636,佛山市洋鸣经贸有限公司,440604010024（文华社区居委会）,5165,4.40604E+11,880,880
782992031,广东科搏工业用品有限公司,440604012205（城北社区居委会）,5179,4.40604E+11,881,881
782993026,佛山市易纺纺织有限公司,440604011205（下朗村民委员会）,5131,4.40604E+11,882,882
78385540X,佛山市科泰斯进出口有限公司,440604011009（智城社区居委会）,5199,4.40604E+11,883,883
783871792,佛山市超畅包装材料有限公司,440604011211（东鄱村民委员会）,5169,4.40604E+11,884,884
783871805,佛山市旭尔华电脑网络有限公司,440604012008（高基社区居委会）,5273,4.40604E+11,885,885
783873173,佛山市佳盈进出口有限公司,440604010024（文华社区居委会）,5169,4.40604E+11,886,886
783875275,佛山市福莱茵医疗用品有限公司,440604012051（朝安东社区居委会）,5154,4.40604E+11,887,887
783882846,佛山市禅城区梓健贸易有限公司,440604012001（朝安东社区居委会）,5129,4.40604E+11,888,888
783891072,佛山市溢丰汽车销售服务有限公司,440604010200（河宕村民委员会）,5261,4.40604E+11,889,889
783892155,佛山康博联合机电有限公司,440604010206（澜石社区居委会）,5175,4.40604E+11,890,890
784854249,佛山市溢隆经贸有限公司,440604011214（海口村民委员会）,5165,4.40604E+11,891,891
784871831,佛山市哈德逊经贸有限公司,440604010200（河宕村民委员会）,5165,4.40604E+11,892,892
784875496,佛山鸿盛药业有限公司,440604011206（古灶村民委员会）,5151,4.40604E+11,893,893
784894080,佛山天丽建龙进出口有限公司,440604012033（铁军社区居委会）,5199,4.40604E+11,894,894
784897329,佛山市特变电气有限公司,440604012064（新城社区居委会）,5175,4.40604E+11,895,895
784898065,佛山市弘兴医药有限公司,440604011209（东鄱村民委员会）,5152,4.40604E+11,896,896
78575969X,佛山市创造材料进出口有限公司,440604012063（唐园社区居委会）,5169,4.40604E+11,897,897
78576355X,佛山市泰基顺贸易有限公司,440604010206（石头村民委员会）,5164,4.40604E+11,898,898
785773416,佛山市天嘉进出口贸易有限公司,440604012033（铁军社区居委会）,5165,4.40604E+11,899,899
785779885,佛山市柏誉进出口有限公司,440604011006（东便社区居委会）,5131,4.40604E+11,900,900
785783630,佛山市卫冕服饰有限公司,440604011204（上朗村民委员会）,5292,4.40604E+11,901,901
78579601X,顺成超满贸易有限责任公司,440604012062（同福社区居委会）,5174,4.40604E+11,902,902
785796546,佛山市粤冠建材有限公司,440604012033（妈庙社区居委会）,5165,4.40604E+11,903,903
786456105,佛山市邦裕包装材料有限公司,440604012050（北江社区居委会）,5199,4.40604E+11,904,904
786495171,佛山市达翔船舶设备有限公司,440604011211（东鄱村民委员会）,5174,4.40604E+11,905,905
786495729,佛山运龙泰进出口有限公司,440604012049（朝东村民委员会）,5164,4.40604E+11,906,906
78792023X,佛山市雄中贸易有限公司,440604012060（垂虹社区居委会）,5164,4.40604E+11,907,907
787921187,佛山市瑞亚医疗产品开发有限公司,440604012062（同福社区居委会）,5154,4.40604E+11,908,908
78793069X,佛山市陶尊化工有限公司,440604011003（马岗社区居委会）,5169,4.40604E+11,909,909
787935909,佛山市瑞昊贸易有限公司,440604012012（永安社区居委会）,5165,4.40604E+11,910,910
787939563,佛山市新东鄱纺织有限公司,440604011204（上朗村民委员会）,5131,4.40604E+11,911,911
78793958X,佛山市亿进贸易进出口有限公司,440604012033（铁军社区居委会）,5164,4.40604E+11,912,912
787983644,佛山市酒钢博瑞钢业有限公司,440604010206（黎冲村民委员会）,5164,4.40604E+11,913,913
789404853,佛山市荣昆经贸有限公司,440604010205（深村村民委员会）,5165,4.40604E+11,914,914
789411770,佛山市寰发酒业有限公司,440604012061（同济社区居委会）,5127,4.40604E+11,915,915
78941914X,佛山市睿信商务咨询有限公司,440604011204（张槎村民委员会）,5139,4.40604E+11,916,916
789421258,佛山市健牌陶瓷有限公司,440604011004（江湾社区居委会）,5181,4.40604E+11,917,917
789455837,佛山市妙湛纺织科技有限公司,440604011204（上朗村民委员会）,5131,4.40604E+11,918,918
789461460,佛山市百达百通进出口贸易有限公司,440604012205（敦厚村民委员会）,5179,4.40604E+11,919,919
789467862,佛山市环桥建材有限公司,440604100002（吉利社区居委会）,5165,4.40604E+11,920,920
789468937,佛山市蒙牛乳业销售有限公司,440604011004（联和社区居委会）,5124,4.40604E+11,921,921
789470623,佛山亿石建材有限公司,440604010019（忠信社区居委会）,5165,4.40604E+11,922,922
789497260,佛山市英波特贸易有限公司,440604010007（东平社区居委会）,5129,4.40604E+11,923,923
791179480,佛山市佳琦贸易有限公司,440604010200（河宕村民委员会）,5169,4.40604E+11,924,924
791187253,佛山市华得顺进出口有限公司,440604010201（河宕村民委员会）,5165,4.40604E+11,925,925
791194840,佛山市德盈佳纺织有限公司,440604011206（古灶村民委员会）,5131,4.40604E+11,926,926
791199123,佛山市海益佳进出口贸易有限公司,440604011002（清水桥社区居委会）,5135,4.40604E+11,927,927
791211567,佛山市泰裕达钢业集团有限公司,440604010206（石头村民委员会）,5164,4.40604E+11,928,928
791211700,佛山市雅思琪进出口有限公司,440604100208（堤田村民委员会）,5165,4.40604E+11,929,929
791220586,佛山市卓利佳不锈钢有限公司,440604010206（黎冲村民委员会）,5164,4.40604E+11,930,930
791225993,佛山市华天恒进出口有限公司,440604012057（垂虹社区居委会）,5165,4.40604E+11,931,931
792921341,佛山市钿联金属材料有限公司,440604010206（石头村民委员会）,5164,4.40604E+11,932,932
792936666,佛山市嘉明工业设备有限公司,440604012027（后街社区居委会）,5179,4.40604E+11,933,933
792960746,佛山市约瑟夫进出口有限公司,440604010007（金子苑社区居委会）,5165,4.40604E+11,934,934
792973627,佛山市菲图进出口有限公司,440604011009（智城社区居委会）,5181,4.40604E+11,935,935
794611240,瑞泰（广东）国际贸易有限公司,440604010006（绿景社区居委会）,5163,4.40604E+11,936,936
79461509X,佛山市禅城区福季化工有限公司,440604011009（智城社区居委会）,5169,4.40604E+11,937,937
794616703,佛山市正铨钢业有限公司,440604010206（石头村民委员会）,5164,4.40604E+11,938,938
794677522,广东威斯特传动科技有限公司,440604012205（城北社区居委会）,5174,4.40604E+11,939,939
794677995,佛山市兰生浔阳贸易有限公司,440604012205（郊边村民委员会）,5262,4.40604E+11,940,940
796215532,佛山市尊贤行不锈钢有限公司,440604010206（石头村民委员会）,5164,4.40604E+11,941,941
796232965,佛山市朗运化工有限公司,440604012050（北江社区居委会）,5169,4.40604E+11,942,942
797716160,佛山粤能电气有限公司,440604010001（澜石社区居委会）,5179,4.40604E+11,943,943
797721170,佛山市今品酒业有限公司,440604012058（体育社区居委会）,5226,4.40604E+11,944,944
797727222,佛山市威莱斯进出口贸易有限公司,440604010206（金子苑社区居委会）,5179,4.40604E+11,945,945
797736225,爱乐（佛山）建材贸易有限公司,440604011214（海口村民委员会）,5165,4.40604E+11,946,946
797738052,佛山市澳嘉进出口贸易有限公司,440604011003（马岗社区居委会）,5135,4.40604E+11,947,947
797740240,广东澳翔陶瓷有限公司,440604100002（吉利社区居委会）,5165,4.40604E+11,948,948
797755186,佛山飞马化工有限公司,440604011206（古灶村民委员会）,5131,4.40604E+11,949,949
797756250,佛山市钢展不锈钢有限公司,440604010206（石头村民委员会）,5164,4.40604E+11,950,950
797766686,佛山市科金达不锈钢贸易有限公司,440604010206（石头村民委员会）,5164,4.40604E+11,951,951
797774854,佛山市欧陆陶瓷有限公司,440604012050（堤田村民委员会）,5165,4.40604E+11,952,952
797776315,佛山市中南纺织有限公司,440604011204（上朗村民委员会）,5131,4.40604E+11,953,953
797778193,广东金刚鼎晟科技有限公司,440604010016（榴苑社区居委会）,5165,4.40604E+11,954,954
797781798,佛山市耀烨不锈钢有限公司,440604010206（澜石社区居委会）,5164,4.40604E+11,955,955
797787268,佛山金兰进出口有限公司,440604010209（鄱阳村民委员会）,5164,4.40604E+11,956,956
797787911,佛山大参林连锁药店有限公司,440604010017（三友社区居委会）,5251,4.40604E+11,957,957
797798725,佛山市维科德材料科技有限公司,440604011009（智城社区居委会）,5169,4.40604E+11,958,958
79930870X,佛山市唯格瓷砖有限责任公司,440604011009（智城社区居委会）,5165,4.40604E+11,959,959
799322536,佛山市吉盟金属有限公司,440604010206（澜石社区居委会）,5164,4.40604E+11,960,960
799322595,佛山市广瑜贸易有限公司,440604012027（铁军社区居委会）,5169,4.40604E+11,961,961
799323547,佛山市创盛典进出口有限公司,440604010206（石梁村民委员会）,5164,4.40604E+11,962,962
799338941,佛山市睿博贸易有限公司,440604010206（石头村民委员会）,5164,4.40604E+11,963,963
799363223,佛山市佛威寰化工原料有限公司,440604100208（堤田村民委员会）,5169,4.40604E+11,964,964
799366125,佛山中外名酒专卖行有限公司,440604011008（金沙社区居委会）,5127,4.40604E+11,965,965
799368497,广东来德利陶瓷有限公司,440604100202（紫南村民委员会）,5165,4.40604E+11,966,966
799382993,佛山市泓亚贸易有限公司,440604012054（同华社区居委会）,5165,4.40604E+11,967,967
799388973,佛山市金利丰汽车销售服务有限公司,440604100002（吉利社区居委会）,5261,4.40604E+11,968,968
893818941,佛山市中胜药业有限公司,440604012203（文南社区居委会）,5152,4.40604E+11,969,969
980052278,佛山市禅城区新南兴石油化工有限公司,440604100201（南庄村民委员会）,5265,4.40604E+11,970,970
MA4UH4MA7,广东鹏美森木业科技有限公司,440604010018（红卫社区居委会）,5165,4.40604E+11,971,971
MA4UHADG5,佛山市秦晋贸易有限公司,440604100209（罗格村民委员会）,5161,4.40604E+11,972,972
MA4UHL335,佛山市正德宇陶瓷原料有限公司,440604010200（河宕村民委员会）,5169,4.40604E+11,973,973
MA4UHLAY3,佛山广鸿元达铝业有限公司,440604012050（朝安东社区居委会）,5169,4.40604E+11,974,974
MA4UHLJ53,佛山市品为先陶瓷有限公司,440604100208（堤田村民委员会）,5165,4.40604E+11,975,975
MA4UHP2T2,佛山市勤健纺织科技有限公司,440604011204（上朗村民委员会）,5131,4.40604E+11,976,976
MA4UHPRG5,佛山朗时化工有限公司,440604012062（同福社区居委会）,5169,4.40604E+11,977,977
MA4UHT9W2,佛山市施瓦兹贸易有限公司,440604100201（罗格村民委员会）,5169,4.40604E+11,978,978
MA4UHTPB2,佛山市汉毅电子技术有限公司,440604010025（东平社区居委会）,5176,4.40604E+11,979,979
MA4UHTRR6,佛山市蕙萱隆不锈钢有限公司,440604010206（黎冲村民委员会）,5164,4.40604E+11,980,980
MA4UHU0T3,佛山市申泓经贸有限公司,440604011004（清水桥社区居委会）,5165,4.40604E+11,981,981
MA4UHUDX9,佛山嘉秋不锈钢制品有限公司,440604010206（石头村民委员会）,5164,4.40604E+11,982,982
MA4UJ2CX7,佛山市华昊特贸易有限公司,440604010208（湾华村民委员会）,5169,4.40604E+11,983,983
MA4UJ8031,佛山市铭粤钢商贸有限公司,440604010206（石梁村民委员会）,5164,4.40604E+11,984,984
MA4UJA9P4,佛山市欧泊路斯石业有限公司,440604100201（南庄村民委员会）,5165,4.40604E+11,985,985
MA4UJBHDX,佛山市昊宁康医疗器械有限公司,440604012033（铁军社区居委会）,5154,4.40604E+11,986,986
MA4UJDYL9,佛山市格瑞瓷科技有限公司,440604100201（南庄村民委员会）,5169,4.40604E+11,987,987
MA4UJL8F6,佛山市三迈纺织有限公司,440604011214（海口村民委员会）,5131,4.40604E+11,988,988
MA4UJMX3X,佛山市品得誉贸易有限公司,440604012205（敦厚村民委员会）,5174,4.40604E+11,989,989
MA4UJRQ71,佛山市金思诚新材料技术有限公司,440604100003（人和社区居委会）,5169,4.40604E+11,990,990
MA4UJTUJ0,佛山钦同进出口有限公司,440604010025（东平社区居委会）,5179,4.40604E+11,991,991
MA4UK18T1,佛山市金大恒卓金属有限公司,440604010206（澜石社区居委会）,5164,4.40604E+11,992,992
MA4UK5CJ6,佛山市光轩贸易有限公司,440604010020（和平社区居委会）,5146,4.40604E+11,993,993
MA4UK5TH8,佛山市亿天泰安防科技有限公司,440604012008（高基社区居委会）,5179,4.40604E+11,994,994
MA4UK5U99,佛山市三才禾纺织品有限公司,440604011009（智城社区居委会）,5131,4.40604E+11,995,995
MA4UK6G76,广东广越钢业有限公司,440604010206（澜石社区居委会）,5164,4.40604E+11,996,996
MA4UK84D4,佛山市金誉传奇通讯设备有限公司,440604012037（庆宁社区居委会）,5177,4.40604E+11,997,997
MA4UKC3N0,佛山市吉中吉食品有限公司,440604012006（城北社区居委会）,5129,4.40604E+11,998,998
MA4UKHEF9,佛山市日成威视电子有限公司,440604012007（敦厚村民委员会）,5179,4.40604E+11,999,999
MA4UKHTCX,佛山市晋腾进出口有限公司,440604010205（深村村民委员会）,5165,4.40604E+11,1000,1000
MA4UKJKMX,佛山鸿图纬业纺织有限公司,440604011206（张槎村民委员会）,5131,4.40604E+11,1001,1001
MA4UKL1X4,佛山市钢润丰钢业有限公司,440604010206（澜石社区居委会）,5164,4.40604E+11,1002,1002
MA4UKLME2,佛山市微蝶科技有限公司,440604010017（榴苑社区居委会）,5292,4.40604E+11,1003,1003
MA4UKLXH7,佛山市精顺博陶瓷设备有限公司,440604011214（海口村民委员会）,5175,4.40604E+11,1004,1004
MA4UKP535,佛山市德善美贸易有限公司,440604011009（智城社区居委会）,5169,4.40604E+11,1005,1005
MA4UKPM33,佛山市永利新扉建筑咨询有限公司,440604010202（塘头村民委员会）,5165,4.40604E+11,1006,1006
MA4UL0D17,佛山市兴铁铧发科技有限公司,440604100208（堤田村民委员会）,5175,4.40604E+11,1007,1007
MA4UL0D92,佛山欧神诺云商科技有限公司,440604011004（弼唐村民委员会）,5165,4.40604E+11,1008,1008
MA4UL0GAX,佛山市昌跃钢铁贸易有限公司,440604010206（澜石社区居委会）,5164,4.40604E+11,1009,1009
MA4UL15P5,佛山市粤金溟钢业有限公司,440604010206（澜石社区居委会）,5164,4.40604E+11,1010,1010
MA4UL4HN3,佛山市粤楚贸易有限公司,440604011009（智城社区居委会）,5165,4.40604E+11,1011,1011
MA4UL62K9,广东优先源进出口贸易有限公司,440604011004（清水桥社区居委会）,5169,4.40604E+11,1012,1012
MA4ULBGY6,佛山市澳鑫纺织有限公司,440604011206（古灶村民委员会）,5131,4.40604E+11,1013,1013
MA4ULHH00,佛山市华爵汽车销售服务有限公司,440604010201（澜石社区居委会）,5261,4.40604E+11,1014,1014
MA4ULLDF9,佛山市颐德行金属贸易有限公司,440604100211（龙津村民委员会）,5164,4.40604E+11,1015,1015
MA4ULW8W6,佛山市中富泰鑫钢业有限公司,440604010001（澜石社区居委会）,5164,4.40604E+11,1016,1016
MA4UM0677,佛山市美之居装饰材料有限公司,440604010017（三友社区居委会）,5165,4.40604E+11,1017,1017
MA4UM1W08,佛山市众志利钢业有限公司,440604010205（深村村民委员会）,5164,4.40604E+11,1018,1018
MA4UMEB26,佛山市捷联诚金属材料有限公司,440604010206（石头村民委员会）,5164,4.40604E+11,1019,1019
MA4UMYEJ9,广东中农博涛科技有限公司,440604012059（崇南社区居委会）,5199,4.40604E+11,1020,1020
MA4UN3099,佛山市慧纵贸易有限公司,440604011004（弼唐村民委员会）,5165,4.40604E+11,1021,1021
MA4UN69L2,广东日东洋建材有限公司,440604010018（河宕村民委员会）,5285,4.40604E+11,1022,1022
MA4UN79J9,佛山市意马金属有限公司,440604010206（澜石社区居委会）,5164,4.40604E+11,1023,1023
MA4UNEJC4,佛山市中泉汇新贸易有限公司,440604100203（紫洞村民委员会）,5165,4.40604E+11,1024,1024
MA4UNP5R8,佛山市华威宇五金电器有限公司,440604010025（东平社区居委会）,5174,4.40604E+11,1025,1025
MA4UNTQYX,佛山市津图纺织贸易有限公司,440604010012（绿景社区居委会）,5131,4.40604E+11,1026,1026
MA4UNUX33,佛山市博海汽车销售服务有限公司,440604010200（河宕村民委员会）,5261,4.40604E+11,1027,1027
MA4UNXFJ8,佛山市金南N商贸有限公司,440604100211（龙津村民委员会）,5164,4.40604E+11,1028,1028
MA4UP2193,佛山市阳卓科技有限公司,440604012062（同福社区居委会）,5162,4.40604E+11,1029,1029
MA4UP3081,佛山市永恒泰五金建筑材料有限公司,440604012051（普东社区居委会）,5174,4.40604E+11,1030,1030
MA4UPANCX,佛山市高睿金钢业有限公司,440604010206（澜石社区居委会）,5164,4.40604E+11,1031,1031
MA4UPAPD0,广东百图物资有限公司,440604011006（东便社区居委会）,5165,4.40604E+11,1032,1032
MA4UPBGK3,佛山市荣海燃料油有限公司,440604011004（智城社区居委会）,5162,4.40604E+11,1033,1033
MA4UPGJ45,佛山市乐华众居装饰材料有限公司,440604100208（堤田村民委员会）,5165,4.40604E+11,1034,1034
MA4UPGW99,广东金意陶贸易有限公司,440604011009（智城社区居委会）,5165,4.40604E+11,1035,1035
MA4UPTYF6,佛山市悦意骏业金属材料有限公司,440604010205（深村村民委员会）,5164,4.40604E+11,1036,1036
MA4UPWU30,佛山市明陶能源有限公司,440604010200（河宕村民委员会）,5161,4.40604E+11,1037,1037
MA4UQQ0R5,佛山市碧绿源陶瓷材料有限公司,440604010200（河宕村民委员会）,5169,4.40604E+11,1038,1038
MA4UQRM07,佛山市葳颖建材有限公司,440604011204（罗格村民委员会）,5165,4.40604E+11,1039,1039
MA4UQTTN5,佛山市盛飞洋高分子材料有限公司,440604100001（南庄社区居委会）,5169,4.40604E+11,1040,1040
MA4URC5B3,佛山市华威汽车销售服务有限公司,440604010201（番村村民委员会）,5261,4.40604E+11,1041,1041
MA4URFAA5,广东兴慧生活泛家居有限公司,440604010200（番村村民委员会）,5285,4.40604E+11,1042,1042
MA4URGL73,佛山市禅城时利和汽车销售服务有限公司,440604100210（吉利村民委员会）,5261,4.40604E+11,1043,1043
MA4URK222,佛山市金铧盛贸易有限公司,440604010014（丽豪社区居委会）,5164,4.40604E+11,1044,1044
MA4URRQJ3,佛山市宏硕伟业建材有限公司,440604100203（紫洞村民委员会）,5165,4.40604E+11,1045,1045
MA4URURK6,佛山市淦茂木业有限公司,440604012050（北江社区居委会）,5165,4.40604E+11,1046,1046
MA4URW1N0,佛山市盈澳行贸易有限公司,440604012023（大观社区居委会）,5127,4.40604E+11,1047,1047
MA4URW284,佛山市联中和不锈钢有限公司,440604010206（澜石社区居委会）,5164,4.40604E+11,1048,1048
MA4UT1N17,佛山市全汇通进出口贸易有限公司,440604012062（同济社区居委会）,5181,4.40604E+11,1049,1049
MA4UT7GU6,佛山市卡麦电子商务有限公司,440604010019（忠信社区居委会）,5292,4.40604E+11,1050,1050
MA4UT9R65,佛山市卡奇加油站有限公司,440604010007（金子苑社区居委会）,5265,4.40604E+11,1051,1051
MA4UTE6H5,佛山市毓昊陶瓷材料有限公司,440604012027（圣堂社区居委会）,5169,4.40604E+11,1052,1052
MA4UTFBY9,佛山通用医药有限公司,440604011210（江湾社区居委会）,5151,4.40604E+11,1053,1053
MA4UTPMJ3,佛山众镱钢业制品有限公司,440604010206（石头村民委员会）,5164,4.40604E+11,1054,1054
MA4UU17K6,佛山市伟裕创展贸易有限公司,440604100216（杏头村民委员会）,5169,4.40604E+11,1055,1055
MA4UU2N07,佛山市德鑫宝业金属材料有限公司,440604012050（依云社区居委会）,5165,4.40604E+11,1056,1056
MA4UU52G2,佛山市德邻不锈钢有限公司,440604010206（黎冲村民委员会）,5164,4.40604E+11,1057,1057
MA4UU6503,佛山市健行天下汽车销售服务有限公司,440604100210（吉利村民委员会）,5172,4.40604E+11,1058,1058
MA4UUA0B2,广东佰龙化工有限公司,440604010025（东平社区居委会）,5169,4.40604E+11,1059,1059
MA4UUAYT6,佛山市乐华锋泽贸易有限公司,440604100005（绿岛社区居委会）,5135,4.40604E+11,1060,1060
MA4UUKC49,佛山市欧珀盛贸易有限公司,440604011213（青柯村民委员会）,5165,4.40604E+11,1061,1061
MA4UULFP2,佛山市志祥来嘉利陶瓷有限公司,440604100002（吉利社区居委会）,5165,4.40604E+11,1062,1062
MA4UUNTQ5,广东蒙地卡罗陶瓷销售有限公司,440604100002（吉利社区居委会）,5165,4.40604E+11,1063,1063
MA4UUPAK0,佛山市萨米特陶瓷销售有限公司,440604100002（吉利社区居委会）,5165,4.40604E+11,1064,1064
MA4UUPAP1,佛山市格莱斯陶瓷销售有限公司,440604100002（吉利社区居委会）,5165,4.40604E+11,1065,1065
MA4UUQ6UX,佛山市惠万家陶瓷销售有限公司,440604100002（吉利社区居委会）,5165,4.40604E+11,1066,1066
MA4UUQ719,佛山市金朝阳陶瓷销售有限公司,440604100002（吉利社区居委会）,5165,4.40604E+11,1067,1067
MA4UURLB2,佛山市纳福娜建材有限公司,440604100210（吉利社区居委会）,5165,4.40604E+11,1068,1068
MA4UURNB5,佛山市禅城区沃达丰商贸有限公司,440604100210（吉利村民委员会）,5211,4.40604E+11,1069,1069
MA4UUT7B9,佛山市家乐陶建材有限公司,440604100211（龙津村民委员会）,5165,4.40604E+11,1070,1070
MA4UUU648,佛山市兴兴汽车销售服务有限公司,440604010201（番村村民委员会）,5261,4.40604E+11,1071,1071
MA4UUX8T3,广东聚力宝鑫金属材料有限公司,440604010001（泷景社区居委会）,5164,4.40604E+11,1072,1072
MA4UUYLB1,佛山市弘德胜进出口贸易有限公司,440604010025（东平社区居委会）,5165,4.40604E+11,1073,1073
MA4UW0CM2,佛山市天滋建材有限公司,440604010018（红卫社区居委会）,5165,4.40604E+11,1074,1074
MA4UWBBL8,佛山市佳信盈五金机电有限公司,440604100202（紫南村民委员会）,5281,4.40604E+11,1075,1075
MA4UWJ8GX,佛山市纳威贸易有限公司,440604010200（河宕村民委员会）,5138,4.40604E+11,1076,1076
MA4UWM4M1,佛山市聚美特纺织有限公司,440605011020（灯湖社区居委会）,5131,4.40604E+11,1077,1077
MA4UWPN86,佛山市立强化工原料有限公司,440604100201（南庄村民委员会）,5169,4.40604E+11,1078,1078
MA4UWXDM9,佛山市骏新达商贸有限公司,440604011207（江海社区居委会）,5176,4.40604E+11,1079,1079
MA4UWXJ82,佛山市至顺金属科技有限公司,440604010201（莲峰社区居委会）,5164,4.40604E+11,1080,1080
MA4UX30F2,佛山市中创达无机材料有限公司,440604010017（三友社区居委会）,5169,4.40604E+11,1081,1081
MA4UX3UHX,佛山市尚本建材有限公司,440604100002（吉利社区居委会）,5169,4.40604E+11,1082,1082
MA4UXM1F0,佛山市景行五金建材有限公司,440604012006（城北社区居委会）,5165,4.40604E+11,1083,1083
MA4W08LF1,佛山市宾利陶瓷有限公司,440604100002（吉利社区居委会）,5165,4.40604E+11,1084,1084
MA4W0NGAX,佛山市东鹏木业科技有限公司,440604100208（堤田村民委员会）,5165,4.40604E+11,1085,1085
MA4W0U2B8,佛山市路易摩登陶瓷销售有限公司,440604100002（吉利社区居委会）,5165,4.40604E+11,1086,1086
MA4W10818,佛山市盛辉玻璃制品有限公司,440604011204（上朗村民委员会）,5163,4.40604E+11,1087,1087
MA4W16KM2,佛山市云峰汇科技有限公司,440604012064（朝安东社区居委会）,5164,4.40604E+11,1088,1088
MA4W19EP7,佛山市和源鸿贸易有限公司,440604012034（兰桂社区居委会）,5165,4.40604E+11,1089,1089
MA4W19XH2,佛山市锵宏金属材料有限公司,440604010206（石头村民委员会）,5164,4.40604E+11,1090,1090
MA4W1PC54,佛山市丰疑堂秤邢薰司,440604010009（季华社区居委会）,5164,4.40604E+11,1091,1091
MA4W1QQC3,佛山市方和源钢业有限公司,440604010206（石头村民委员会）,5164,4.40604E+11,1092,1092
MA4W1UT99,佛山市戴安盟建材有限公司,440604011010（江海社区居委会）,5165,4.40604E+11,1093,1093
MA4W2U639,佛山市大粤纺织有限公司,440604012204（佛平北社区居委会）,5131,4.40604E+11,1094,1094
MA4W2WRW5,佛山市武爵纺织有限公司,440604011209（张槎村民委员会）,5131,4.40604E+11,1095,1095
MA4W4FLF2,广东普瑞华新材料有限公司,440604100208（堤田村民委员会）,5199,4.40604E+11,1096,1096
MA4W4FN96,佛山金鼠供应链科技有限公司,440604011214（海口村民委员会）,5164,4.40604E+11,1097,1097
MA4W5WDC9,佛山市明爱经贸有限公司,440604012050（季华社区居委会）,5136,4.40604E+11,1098,1098
MA4W65QM5,佛山市凯沃不锈钢有限公司,440604010206（澜石社区居委会）,5164,4.40604E+11,1099,1099
MA4W6EUJ0,广东利嘉华陶瓷有限公司,440604100002（吉利社区居委会）,5165,4.40604E+11,1100,1100
MA4W6JFH2,佛山市皓顺贸易有限公司,440604010020（和平社区居委会）,5169,4.40604E+11,1101,1101
MA4W6Q9L6,佛山市菲力贸易有限公司,440604011009（智城社区居委会）,5149,4.40604E+11,1102,1102
MA4W7WQF7,佛山市益田汽车有限公司,440604100210（吉利村民委员会）,5261,4.40604E+11,1103,1103
MA4W8GC82,佛山市太初纺织有限公司,440604011011（下朗村民委员会）,5131,4.40604E+11,1104,1104
MA4W9P836,佛山市巨联贸易有限公司,440604010206（澜石社区居委会）,5164,4.40604E+11,1105,1105
MA4WA5XA3,佛山恒士丰建材有限公司,440604010200（河宕村民委员会）,5165,4.40604E+11,1106,1106
MA4WAUR44,佛山新越贸易有限公司,440604010205（深村村民委员会）,5164,4.40604E+11,1107,1107
MA4WB1HW6,佛山市千旭通金属材料有限公司,440604010201（番村村民委员会）,5164,4.40604E+11,1108,1108
MA4WB4020,佛山市霆瀚通讯器材有限公司,440604010009（季华社区居委会）,5274,4.40604E+11,1109,1109
MA4WBGNE8,佛山市君马贸易有限公司,440604011004（清水桥社区居委会）,5179,4.40604E+11,1110,1110
MA4WBJNG2,广东铭丰发贸易有限公司,440604010001（黎冲村民委员会）,5164,4.40604E+11,1111,1111
MA4WC9EM2,佛山市帕卡亚进出口有限公司,440604010206（东平社区居委会）,5165,4.40604E+11,1112,1112
MA4WCU7F8,佛山市慧利恒贸易有限公司,440604012064（新城社区居委会）,5154,4.40604E+11,1113,1113
MA4WCY618,佛山市铿昌贸易有限公司,440604100209（罗格村民委员会）,5161,4.40604E+11,1114,1114
MA4WDCML9,佛山市盈德金属有限公司,440604010207（石梁村民委员会）,5164,4.40604E+11,1115,1115
MA4WDD800,广东常盟包装材料有限公司,440604100209（罗格村民委员会）,5169,4.40604E+11,1116,1116
MA4WE9UW7,佛山市棉特适纺织品有限公司,440604011202（村头村民委员会）,5131,4.40604E+11,1117,1117
MA4WETDP6,佛山市素瓷进出口有限公司,440604100208（堤田村民委员会）,5165,4.40604E+11,1118,1118
MA4WFKP09,佛山市瑞德汽车销售服务有限公司,440604100214（梧村村民委员会）,5261,4.40604E+11,1119,1119
MA4WFPXN1,佛山市禅诺金属制品有限公司,440604010206（黎冲村民委员会）,5164,4.40604E+11,1120,1120
MA4WFWXH1,佛山涂邦德新材料科技有限公司,440604011213（青柯村民委员会）,5169,4.40604E+11,1121,1121
MA4WG7HJ3,佛山市臻合成金属材料有限公司,440604010205（深村村民委员会）,5164,4.40604E+11,1122,1122
MA4WHC0D5,佛山景旷不锈钢有限公司,440604010206（石头村民委员会）,5164,4.40604E+11,1123,1123
MA4WJ1FY3,佛山妙特进出口有限公司,440604011212（弼唐村民委员会）,5176,4.40604E+11,1124,1124
MA4WJC3B9,佛山市泰天地进出口贸易有限公司,440604010200（河宕村民委员会）,5165,4.40604E+11,1125,1125
MA4WJKK84,佛山市奋博建材有限公司,440604011003（青柯村民委员会）,5165,4.40604E+11,1126,1126
MA4WK85N4,佛山盛和邦经贸有限公司,440604012064（新城社区居委会）,5135,4.40604E+11,1127,1127
MA4WKWJU6,佛山国美电器有限公司,440604011009（智城社区居委会）,5137,4.40604E+11,1128,1128
MA4WLY2X3,宝裕发展有限公司,440604010009（季华社区居委会）,5164,4.40604E+11,1129,1129
MA4WMA991,广东宝麟建材有限公司,440604010020（澜石社区居委会）,5165,4.40604E+11,1130,1130
MA4WNWQX1,德利丰智能家居有限公司,440604100002（吉利社区居委会）,5165,4.40604E+11,1131,1131
MA4WP1547,佛山市久岁伴品牌管理有限公司,440604011204（上朗村民委员会）,5232,4.40604E+11,1132,1132
MA4WPBBMX,佛山市家满贸易有限公司,440604100002（吉利社区居委会）,5138,4.40604E+11,1133,1133
MA4WPXJK4,佛山市鸿源创展进出口有限公司,440604010202（东平社区居委会）,5165,4.40604E+11,1134,1134
MA4WQ3XF6,广东小康科技有限公司,440604012018（文南社区居委会）,5193,4.40604E+11,1135,1135
MA4WQTML6,广东意创原素建材有限公司,440604100208（堤田村民委员会）,5165,4.40604E+11,1136,1136
MA4WQU0A9,广东强陶陶瓷有限责任公司,440604100002（吉利社区居委会）,5165,4.40604E+11,1137,1137
MA4WRRT76,佛山市新一建贸易有限公司,440604012037（福禄社区居委会）,5165,4.40604E+11,1138,1138
MA4WTWEY6,佛山市德来赛贸易有限公司,440604100201（罗格村民委员会）,5165,4.40604E+11,1139,1139
MA4WTXJA4,佛山艺凡纺织科技有限公司,440604011204（上朗村民委员会）,5131,4.40604E+11,1140,1140
MA4WU8JL1,佛山西西弗文化传播有限公司,440604012034（兰桂社区居委会）,5243,4.40604E+11,1141,1141
MA4WUT452,佛山市有方盈佳贸易有限公司,440604012050（北江社区居委会）,5165,4.40604E+11,1142,1142
MA4WWT5RX,佛山泰阁建材有限公司,440604100208（堤田村民委员会）,5165,4.40604E+11,1143,1143
MA4WX9DF3,佛山市日骏建材有限公司,440604012203（忠义社区居委会）,5165,4.40604E+11,1144,1144
MA4WXA9J3,佛山市沃盛科技能源有限公司,440604012033（铁军社区居委会）,5162,4.40604E+11,1145,1145
MA4X04208,佛山市鑫B茂金属有限公司,440604010206（石头村民委员会）,5164,4.40604E+11,1146,1146
MA4X09QE9,佛山协众汽车有限公司,440604010200（河宕村民委员会）,5261,4.40604E+11,1147,1147
MA4X0GKB5,佛山市恩腾贸易有限公司,440604011009（智城社区居委会）,5165,4.40604E+11,1148,1148
MA4X238E9,佛山市安绍贸易有限公司,440604010020（和平社区居委会）,5169,4.40604E+11,1149,1149
MA4X239Y9,佛山市圣亚哥木业有限公司,440604012047（季华社区居委会）,5165,4.40604E+11,1150,1150
MA4X2C577,佛山市旭源特超硬材料有限公司,440604100002（吉利社区居委会）,5199,4.40604E+11,1151,1151
MA4X2CED3,佛山市润迪佳贸易有限公司,440604011009（湾华村民委员会）,5176,4.40604E+11,1152,1152
MA4X2KDH1,广东东陶陶瓷有限公司,440604010020（和平社区居委会）,5165,4.40604E+11,1153,1153
MA4X2T936,佛山市任禾钢业有限公司,440604010206（澜石社区居委会）,5164,4.40604E+11,1154,1154
MA4X3B7M5,佛山市联鸿源不锈钢有限公司,440604010206（石头村民委员会）,5164,4.40604E+11,1155,1155
MA4X4WL90,佛山市直合建材有限公司,440604100208（堤田村民委员会）,5165,4.40604E+11,1156,1156
MA4X4XCA4,佛山鼎宝行汽车销售服务有限公司,440604011206（古灶村民委员会）,5261,4.40604E+11,1157,1157
MA4X6Q4H2,佛山博亿达供应链有限公司,440604010005（福华社区居委会）,5165,4.40604E+11,1158,1158
MA4X6Q4K7,佛山鼎晋钢业有限公司,440604010206（石头村民委员会）,5164,4.40604E+11,1159,1159
MA4X6Q4P8,佛山鼎禾钢业有限公司,440604010206（石头村民委员会）,5164,4.40604E+11,1160,1160
MA4X77XH0,佛山市升宝商场有限公司,440604011001（纯阳社区居委会）,5211,4.40604E+11,1161,1161
MA4X80LNX,佛山市诚睿能源有限公司,440604100201（南庄村民委员会）,5161,4.40604E+11,1162,1162
MA4X82X62,佛山市柯福莱森经贸有限公司,440604010009（塘头村民委员会）,5165,4.40604E+11,1163,1163
MA4X8FBT6,佛山市行安汽车销售服务有限公司,440604100209（罗格村民委员会）,5261,4.40604E+11,1164,1164
MA4X9FFF2,佛山百存建材有限公司,440604010203（沙岗村民委员会）,5165,4.40604E+11,1165,1165
MA4X9PU02,佛山亨合钢业有限公司,440604010206（澜石社区居委会）,5164,4.40604E+11,1166,1166
MA50YURL7,广东超跑车信息科技有限公司,440604011004（清水桥社区居委会）,5261,4.40604E+11,1167,1167
MA51034K4,佛山简捷陶瓷材料科技有限公司,440604010200（河宕村民委员会）,5169,4.40604E+11,1168,1168
MA510AH37,佛山市邦筑装饰材料有限公司,440604011004（弼唐村民委员会）,5165,4.40604E+11,1169,1169
MA510XGQ1,广东⑹⑸堂秤邢薰司,440604012064（新城社区居委会）,5154,4.40604E+11,1170,1170
MA512DX11,佛山市莱浩贸易有限公司,440604011206（古灶村民委员会）,5127,4.40604E+11,1171,1171
MA512EBN4,佛山市鸿溢不锈钢有限公司,440604010206（澜石社区居委会）,5164,4.40604E+11,1172,1172
MA512J8A2,佛山市宝盛铭不锈钢有限公司,440604010206（澜石社区居委会）,5164,4.40604E+11,1173,1173
MA5130732,佛山市中金鼎利贸易有限公司,440604010025（江滨社区居委会）,5164,4.40604E+11,1174,1174
MA513LP26,佛山市瑞肯建材有限公司,440604100212（醒群村民委员会）,5165,4.40604E+11,1175,1175
MA513QDE1,佛山市顺祥化工有限公司,440604100208（堤田村民委员会）,5169,4.40604E+11,1176,1176
MA513U1M1,佛山市铭超纺织有限公司,440604011206（大江村民委员会）,5131,4.40604E+11,1177,1177
MA514M3G9,佛山市顺兴新能源汽车销售服务有限公司,440604010201（番村村民委员会）,5261,4.40604E+11,1178,1178
MA514QFF8,佛山市巨浪贸易有限公司,440604010205（澜石社区居委会）,5162,4.40604E+11,1179,1179
MA5154KR3,佛山苏宁小店销售有限公司,440604012035（建设社区居委会）,5213,4.40604E+11,1180,1180
MA515GRXX,佛山市众地商贸有限公司,440604012200（同济社区居委会）,5135,4.40604E+11,1181,1181
MA515RUE3,佛山晋和陶塑料有限公司,440604100209（罗格村民委员会）,5169,4.40604E+11,1182,1182
MA5174H04,佛山市同晟金属材料有限公司,440604010211（黎冲村民委员会）,5164,4.40604E+11,1183,1183
MA518BB94,佛山市禾海金属材料有限公司,440604010029（澜石社区居委会）,5164,4.40604E+11,1184,1184
MA518CA58,佛山市七匹马钢业有限公司,440604010206（澜石社区居委会）,5164,4.40604E+11,1185,1185
MA519RHD4,孟莎瓦（佛山）家居有限公司,440604010006（绿景社区居委会）,5283,4.40604E+11,1186,1186
MA51A48R4,佛山市申爵汽车销售服务有限公司,440604100214（梧村村民委员会）,5261,4.40604E+11,1187,1187
MA51B9A64,佛山市创先通讯设备有限公司,440604011004（江湾社区居委会）,5177,4.40604E+11,1188,1188
MA51BCCF9,佛山市神通贸易有限公司,440604100202（紫南村民委员会）,5165,4.40604E+11,1189,1189
MA51BLH37,佛山市广为金属有限公司,440604010206（澜石社区居委会）,5164,4.40604E+11,1190,1190
MA51BP7U5,佛山苏宁红孩子母婴用品有限公司,440604012035（建设社区居委会）,5239,4.40604E+11,1191,1191
MA51CN638,佛山创立摩通供应链管理有限公司,440604011009（智城社区居委会）,5165,4.40604E+11,1192,1192
MA51CR3Y3,佛山市道信建材有限公司,440604100002（吉利村民委员会）,5165,4.40604E+11,1193,1193
MA51DDH87,佛山市典世丰旺贸易有限公司,440604010206（石头村民委员会）,5164,4.40604E+11,1194,1194
MA51DRN75,佛山市炜利烽纺织有限公司,440604011012（大富村民委员会）,5131,4.40604E+11,1195,1195
MA51ED826,佛山市百得惠新材料供应链有限公司,440604011206（古灶村民委员会）,5164,4.40604E+11,1196,1196
MA51FDEB3,佛山市沛纳海建材有限公司,440604100208（堤田村民委员会）,5165,4.40604E+11,1197,1197
MA51FX3T5,佛山煜诚科技有限公司,440604012008（高基社区居委会）,5273,4.40604E+11,1198,1198
MA51GEG55,佛山市威能汽车销售服务有限公司,440604010200（河宕村民委员会）,5261,4.40604E+11,1199,1199
MA51GKNH4,佛山市君映汽车销售服务有限公司,440604012016（上沙社区居委会）,5172,4.40604E+11,1200,1200
MA51H9805,佛山市顺升汽车销售服务有限公司,440604010200（东平社区居委会）,5261,4.40604E+11,1201,1201
MA51J4TG7,佛山市众千亿钢业有限公司,440604010206（石头村民委员会）,5164,4.40604E+11,1202,1202
MA51JW8T6,佛山市乐华伟业海外家居有限公司,440604100005（绿岛社区居委会）,5165,4.40604E+11,1203,1203
MA51K0LG0,广东毅昆新材料有限公司,440604010206（石头村民委员会）,5164,4.40604E+11,1204,1204
MA51KFJJ3,佛山市禅城区新协力汽车销售有限公司,440604010201（澜石社区居委会）,5261,4.40604E+11,1205,1205
MA51KGX34,广东汇年丰纺织科技有限公司,440604011205（下朗村民委员会）,5131,4.40604E+11,1206,1206
MA51L3CY4,佛山市雄贸易有限公司,440604010206（石头村民委员会）,5164,4.40604E+11,1207,1207
MA51LETW6,佛山市领峰医疗器械有限公司,440604012062（同福社区居委会）,5154,4.40604E+11,1208,1208
MA51M1FM5,佛山市程方金属材料有限公司,440604010206（澜石社区居委会）,5164,4.40604E+11,1209,1209
MA51MCC30,大亨煤炭（佛山）有限公司,440604100201（南庄村民委员会）,5161,4.40604E+11,1210,1210
MA51MDTG8,佛山市明垒不锈钢有限公司,440604010206（澜石社区居委会）,5164,4.40604E+11,1211,1211
MA51MTQR2,佛山市新杉进出口有限公司,440604010007（金子苑社区居委会）,5136,4.40604E+11,1212,1212
MA51N7HG0,佛山市熊猫不走烘焙有限公司,440604012202（镇安村民委员会）,5222,4.40604E+11,1213,1213
MA51NCX99,佛山市振金供应链管理有限公司,440604010012（丽银社区居委会）,5164,4.40604E+11,1214,1214
MA51NULR9,广东瑞吉欧家具有限公司,440604010006（绿景社区居委会）,5139,4.40604E+11,1215,1215
MA51PE917,广东至富淀粉供应链管理有限公司,440604012054（同华社区居委会）,5121,4.40604E+11,1216,1216
MA51PLC74,佛山喜盈贸易有限公司,440604012063（同华社区居委会）,5165,4.40604E+11,1217,1217
MA51Q4FJ0,佛山市鼎升泰钢业有限公司,440604010206（石头村民委员会）,5164,4.40604E+11,1218,1218
MA51QBDNX,佛山新合民间工艺美术研究有限公司,440604012037（福禄社区居委会）,5246,4.40604E+11,1219,1219
MA51QE9B4,佛山市浦新金属科技有限公司,440604010206（石头村民委员会）,5164,4.40604E+11,1220,1220
MA51T67KX,佛山市逸日盈进出口有限公司,440604010005（福华社区居委会）,5179,4.40604E+11,1221,1221
MA51UGFF2,佛山市闽城金属材料有限公司,440604010029（石梁村民委员会）,5164,4.40604E+11,1222,1222
MA51WT967,佛山市长昌锌金属制品有限公司,440604010017（三友社区居委会）,5169,4.40604E+11,1223,1223
MA51X2LX6,佛山市佩瑜纺织品有限公司,440604011204（智城社区居委会）,5131,4.40604E+11,1224,1224
MA51X62Y4,佛山市伟成能源有限公司,440604100002（吉利社区居委会）,5161,4.40604E+11,1225,1225
MA51X7QYX,佛山怡悦天致汽车销售服务有限公司,440604010200（河宕村民委员会）,5261,4.40604E+11,1226,1226
MA520CTEX,佛山市陕宏晋金属制品有限公司,440604010025（东平社区居委会）,5164,4.40604E+11,1227,1227
MA521ANN5,佛山市境远不锈钢有限公司,440604010206（澜石社区居委会）,5164,4.40604E+11,1228,1228
MA521WWE9,佛山市威鑫新能源汽车销售服务有限公司,440604010201（番村村民委员会）,5261,4.40604E+11,1229,1229
MA5235E31,佛山市二十支商业连锁有限公司,440604012055（同济社区居委会）,5227,4.40604E+11,1230,1230
MA524APM6,佛山市祥兆供应链有限公司,440604011209（张槎村民委员会）,5165,4.40604E+11,1231,1231
MA524M2J8,广东联臻不锈钢有限公司,440604010029（石头村民委员会）,5164,4.40604E+11,1232,1232
MA526T2C0,佛山市顺源汽车销售服务有限公司,440604100209（罗格村民委员会）,5261,4.40604E+11,1233,1233
MA527RQU0,佛山市Z贸商业有限公司,440604012050（北江社区居委会）,5179,4.40604E+11,1234,1234
MA529004X,广东壹星商贸有限公司,440604010208（澜石社区居委会）,5165,4.40604E+11,1235,1235
MA5296HJ7,广东鑫旺金属有限公司,440604011206（张槎村民委员会）,5164,4.40604E+11,1236,1236
MA529H7X8,广东海天国际贸易有限公司,440604012018（文南社区居委会）,5125,4.40604E+11,1237,1237
MA52BH5C4,佛山市千树贸易有限责任公司,440604010025（东平社区居委会）,5164,4.40604E+11,1238,1238
MA52CX5G6,佛山固品钢业有限公司,440604010029（泷景社区居委会）,5164,4.40604E+11,1239,1239
MA52E89H2,佛山市嵘湛贸易有限公司,440604010025（东平社区居委会）,5164,4.40604E+11,1240,1240
MA52G67J1,佛山市品鑫机电科技有限公司,440604012006（城北社区居委会）,5179,4.40604E+11,1241,1241
MA52GLJ11,佛山市铧钢合金有限公司,440604010201（番村村民委员会）,5164,4.40604E+11,1242,1242
MA52GU1N1,佛山市创煜建材有限公司,440604100202（紫南村民委员会）,5165,4.40604E+11,1243,1243
MA52J7BU6,佛山市未来金属科技有限公司,440604010001（黎冲村民委员会）,5164,4.40604E+11,1244,1244
MA52K4Q03,广东新焕兴科技有限公司,440604011210（纯阳社区居委会）,5169,4.40604E+11,1245,1245
MA52L5QL3,佛山盛行汽车销售服务有限公司,440604100216（杏头村民委员会）,5172,4.40604E+11,1246,1246
MA52NL4H5,佛山市创元供应链科技有限公司,440604012063（唐园社区居委会）,5169,4.40604E+11,1247,1247
MA52R02WX,佛山市启毅印刷器材进出口有限公司,440604100002（吉利社区居委会）,5176,4.40604E+11,1248,1248
MA52RDNL9,中恒纺织交易市场（广东）有限公司,440604011011（下朗村民委员会）,5131,4.40604E+11,1249,1249
MA52T32L9,佛山市伊莉莎白陶瓷有限公司,440604010020（和平社区居委会）,5165,4.40604E+11,1250,1250
MA52TEFT7,佛山市俊陶能源有限公司,440604010206（石头村民委员会）,5161,4.40604E+11,1251,1251
MA52THW65,广青通达（广东）金属有限公司,440604010206（石头村民委员会）,5164,4.40604E+11,1252,1252
MA52UBF74,佛山市顺联赢钢业有限公司,440604010206（石头村民委员会）,5164,4.40604E+11,1253,1253
MA52UFJ62,佛山市鸿鑫钢业有限公司,440604010206（石头村民委员会）,5164,4.40604E+11,1254,1254
MA52X0L87,佛山鼎泰合不锈钢有限公司,440604010206（石头村民委员会）,5164,4.40604E+11,1255,1255
MA530BN48,佛山市新捷成钢业有限公司,440604010206（石梁村民委员会）,5164,4.40604E+11,1256,1256
MA530CN32,佛山市汉勤贸易有限公司,440604012006（城北社区居委会）,5141,4.40604E+11,1257,1257
MA530UE42,佛山新鼎运金属材料有限公司,440604010201（番村村民委员会）,5164,4.40604E+11,1258,1258
MA5326X22,佛山市鼎三煌不锈钢有限公司,440604011214（海口村民委员会）,5164,4.40604E+11,1259,1259
MA532XLN1,佛山市汇恒通信设备有限公司,440604012034（福贤社区居委会）,5274,4.40604E+11,1260,1260
MA533CCK8,佛山市捷瑞不锈钢有限公司,440604010206（石头村民委员会）,5164,4.40604E+11,1261,1261
MA535JT96,佛山市金盈道贸易有限公司,440604010201（番村村民委员会）,5164,4.40604E+11,1262,1262
MA5368HR2,广东钢鲸供应链信息科技有限公司,440604010209（绿景社区居委会）,5164,4.40604E+11,1263,1263
MA536Y223,佛山市青瑞达不锈钢有限公司,440604010206（石头村民委员会）,5164,4.40604E+11,1264,1264
MA537J8C8,佛山嘉佰俐时装有限公司,440604010019（忠信社区居委会）,5292,4.40604E+11,1265,1265
MA53ACWK3,广东中天新能源有限公司,440604012064（新城社区居委会）,5164,4.40604E+11,1266,1266
MA53AD5A2,广东中科新能源有限公司,440604012064（新城社区居委会）,5164,4.40604E+11,1267,1267
MA53C82M9,广东联昌金属有限公司,440604010206（石头村民委员会）,5164,4.40604E+11,1268,1268
MA53MLM73,佛山市圣宏商贸有限公司,440604012027（后街社区居委会）,5164,4.40604E+11,1269,1269
MA53ND8F3,佛山市禅城区张槎闽海加油站有限公司,440604011209（张槎村民委员会）,5265,4.40604E+11,1270,1270
MA53P7QG0,佛山市利宇金属有限公司,440604010206（石头村民委员会）,5164,4.40604E+11,1271,1271
MA53WAKD4,广东宏宇陶瓷有限公司,440604011003（马岗社区居委会）,5165,4.40604E+11,1272,1272
MA53XAY61,广东世纪华腾商贸有限公司,440604012034（兰桂社区居委会）,5274,4.40604E+11,1273,1273
MA53XGNH8,佛山市联达金属有限公司,440604010206（石头村民委员会）,5164,4.40604E+11,1274,1274
MA5423G86,佛山市吉圣钢业有限公司,440604010206（石头村民委员会）,5164,4.40604E+11,1275,1275
MA544PT8X,佛山鼎盛和钢业有限公司,440604010206（石头村民委员会）,5164,4.40604E+11,1276,1276
MA54AMNR1,佛山市钢汇宝进出口贸易有限公司,440604010201（番村村民委员会）,5164,4.40604E+11,1277,1277
MA54DYXE8,亚股（佛山）建筑材料有限公司,440604100201（南庄村民委员会）,5165,4.40604E+11,1278,1278
MA54K7RC8,广东通展能源有限公司,440604010029（泷景社区居委会）,5169,4.40604E+11,1279,1279
MA54MJ3R1,佛山市华N能源化工有限公司,440604010029（泷景社区居委会）,5169,4.40604E+11,1280,1280
MA555HJJ0,佛山飞扬红旗汽车销售服务有限公司,440604010201（番村村民委员会）,5261,4.40604E+11,1281,1281
MA55EXUR9,佛山市嘉信联和贸易有限公司,440604010025（东平社区居委会）,5164,4.40604E+11,1282,1282
MA55RJ9K0,佛山市禅城区南庄骏乔汽车销售服务有限公司,440604100208（堤田村民委员会）,5261,4.40604E+11,1283,1283
